crop,soil_type,nitrogen_min,nitrogen_max,phosphorus_min,phosphorus_max,potassium_min,potassium_max,ph_min,ph_max,temp_min,temp_max,humidity_min,humidity_max,rain_min,rain_max,moisture_min,moisture_max,season
Star Fruit,loamy,50.0,70.0,30.0,40.0,40.0,50.0,5.5,6.5,20.0,30.0,60.0,80.0,1000.0,2000.0,50.0,60.0,year_round
Bilimbi,clay_loam,40.0,60.0,20.0,30.0,30.0,40.0,5.5,6.5,25.0,35.0,70.0,80.0,1500.0,2500.0,60.0,70.0,year_round
Wood Apple,sandy,30.0,50.0,20.0,30.0,30.0,40.0,6.0,7.5,25.0,40.0,40.0,60.0,500.0,1000.0,30.0,40.0,summer
Manila Tamarind,sandy,20.0,40.0,10.0,20.0,20.0,30.0,6.0,8.0,25.0,40.0,40.0,60.0,400.0,800.0,20.0,30.0,summer
Jujube,sandy_loam,30.0,50.0,20.0,30.0,30.0,40.0,6.0,8.0,25.0,45.0,30.0,50.0,300.0,600.0,20.0,30.0,winter
Water Apple,clay_loam,50.0,70.0,30.0,40.0,40.0,50.0,5.5,7.0,25.0,35.0,70.0,80.0,1500.0,2500.0,60.0,70.0,summer
Mangosteen,red_laterite,80.0,100.0,40.0,60.0,80.0,100.0,5.5,6.5,25.0,35.0,80.0,90.0,2000.0,3000.0,70.0,80.0,summer
Rambutan,loamy,80.0,100.0,40.0,60.0,80.0,100.0,5.5,6.5,25.0,32.0,80.0,90.0,2000.0,3000.0,70.0,80.0,summer
Litchi,loamy,100.0,120.0,50.0,60.0,100.0,120.0,6.0,7.0,15.0,30.0,60.0,80.0,1200.0,1500.0,50.0,60.0,summer
Longan,sandy_loam,80.0,100.0,40.0,60.0,80.0,100.0,5.5,6.5,20.0,30.0,70.0,80.0,1500.0,2000.0,60.0,70.0,summer
Durian,clay_loam,100.0,150.0,60.0,80.0,100.0,150.0,5.5,6.5,24.0,30.0,80.0,90.0,2000.0,3000.0,70.0,80.0,summer
Persimmon,loamy,60.0,80.0,30.0,40.0,60.0,80.0,6.0,7.0,15.0,25.0,60.0,70.0,1000.0,1500.0,50.0,60.0,hills/winter
Loquat,loamy,60.0,80.0,30.0,40.0,60.0,80.0,6.0,7.0,15.0,25.0,60.0,70.0,800.0,1200.0,50.0,60.0,hills/winter
Kumquat,sandy_loam,80.0,100.0,40.0,50.0,80.0,100.0,6.0,7.0,15.0,30.0,50.0,70.0,800.0,1200.0,40.0,50.0,winter
Pomelo,loamy,100.0,120.0,50.0,60.0,100.0,120.0,6.0,7.0,20.0,30.0,60.0,80.0,1000.0,1500.0,50.0,60.0,winter
Citron,clay_loam,80.0,100.0,40.0,50.0,80.0,100.0,6.0,7.0,25.0,35.0,50.0,70.0,800.0,1200.0,40.0,50.0,year_round
Grapefruit,loamy,100.0,120.0,50.0,60.0,100.0,120.0,6.0,7.0,20.0,30.0,50.0,70.0,1000.0,1500.0,50.0,60.0,winter
Cherry,loamy,60.0,80.0,30.0,40.0,60.0,80.0,6.0,7.0,10.0,20.0,50.0,70.0,800.0,1200.0,50.0,60.0,hills/sum
Kiwi,loamy,80.0,100.0,40.0,50.0,80.0,100.0,5.5,6.5,15.0,25.0,60.0,80.0,1200.0,2000.0,60.0,70.0,hills/sum
Avocado,red_laterite,100.0,150.0,50.0,70.0,100.0,150.0,5.5,6.5,20.0,30.0,60.0,80.0,1500.0,2500.0,60.0,70.0,summer
Breadfruit,clay_loam,80.0,100.0,40.0,50.0,80.0,100.0,6.0,7.5,25.0,35.0,70.0,80.0,1500.0,2500.0,60.0,70.0,summer
Dragon Fruit,sandy,50.0,70.0,30.0,40.0,50.0,70.0,6.0,7.5,20.0,35.0,50.0,70.0,600.0,1200.0,30.0,40.0,summer
Passionflower,loamy,60.0,80.0,30.0,40.0,60.0,80.0,6.0,7.0,20.0,30.0,60.0,80.0,1000.0,1500.0,50.0,60.0,year_round
Macaque Cup,clay_loam,60.0,80.0,30.0,40.0,60.0,80.0,6.0,7.0,25.0,35.0,70.0,80.0,1500.0,2000.0,60.0,70.0,summer
Indian Plum,sandy_loam,50.0,70.0,30.0,40.0,50.0,70.0,6.0,7.5,25.0,40.0,40.0,60.0,600.0,1000.0,40.0,50.0,summer
Mulberry (Fruit),loamy,80.0,100.0,40.0,50.0,80.0,100.0,6.0,7.0,20.0,30.0,60.0,80.0,800.0,1200.0,50.0,60.0,year_round
Blackberry,loamy,60.0,80.0,30.0,40.0,60.0,80.0,5.5,6.5,15.0,25.0,60.0,80.0,1000.0,1500.0,50.0,60.0,hills/sum
Raspberry,loamy,60.0,80.0,30.0,40.0,60.0,80.0,5.5,6.5,15.0,25.0,60.0,80.0,1000.0,1500.0,50.0,60.0,hills/sum
Olive,sandy_loam,60.0,80.0,30.0,40.0,60.0,80.0,6.5,8.0,15.0,25.0,40.0,60.0,500.0,800.0,30.0,40.0,hills/winter
Date Palm,sandy,40.0,60.0,20.0,30.0,60.0,80.0,6.5,8.5,25.0,45.0,30.0,50.0,200.0,600.0,20.0,30.0,summer
Zucchini,sandy_loam,80.0,100.0,40.0,50.0,60.0,80.0,6.0,7.0,20.0,30.0,50.0,70.0,600.0,800.0,50.0,60.0,zaid
Summer Squash,loamy,80.0,100.0,40.0,50.0,60.0,80.0,6.0,7.0,20.0,30.0,50.0,70.0,600.0,800.0,50.0,60.0,zaid
Winter Squash,clay_loam,80.0,100.0,40.0,60.0,80.0,100.0,6.0,7.0,20.0,30.0,50.0,70.0,600.0,1000.0,50.0,60.0,kharif
Spaghetti Sq.,sandy_loam,80.0,100.0,40.0,50.0,60.0,80.0,6.0,7.0,20.0,30.0,50.0,70.0,600.0,800.0,50.0,60.0,zaid
Acorn Squash,loamy,80.0,100.0,40.0,50.0,60.0,80.0,6.0,7.0,20.0,30.0,50.0,70.0,600.0,800.0,50.0,60.0,zaid
Chayote,loamy,80.0,100.0,40.0,50.0,60.0,80.0,5.5,6.5,15.0,25.0,70.0,80.0,1000.0,1500.0,60.0,70.0,hills
Sponge Gourd,sandy_loam,60.0,80.0,30.0,40.0,40.0,60.0,6.0,7.0,25.0,35.0,60.0,80.0,600.0,1000.0,50.0,60.0,kharif/zaid
Gherkin,sandy_loam,60.0,80.0,30.0,40.0,40.0,60.0,6.0,7.0,25.0,35.0,50.0,70.0,500.0,800.0,40.0,50.0,kharif/zaid
Tindora,loamy,60.0,80.0,30.0,40.0,40.0,60.0,6.0,7.0,25.0,35.0,60.0,80.0,600.0,1000.0,50.0,60.0,year_round
Spine Gourd,sandy_loam,60.0,80.0,30.0,40.0,40.0,60.0,6.0,7.0,25.0,35.0,60.0,80.0,800.0,1200.0,50.0,60.0,kharif
Sword Bean,loamy,20.0,30.0,40.0,50.0,20.0,30.0,5.5,7.5,25.0,35.0,50.0,70.0,600.0,1000.0,40.0,50.0,kharif
Jack Bean,clay_loam,20.0,30.0,40.0,50.0,20.0,30.0,5.5,7.5,25.0,35.0,50.0,70.0,600.0,1000.0,40.0,50.0,kharif
Rice Bean,loamy,15.0,20.0,30.0,40.0,15.0,20.0,6.0,7.0,25.0,35.0,50.0,70.0,600.0,1000.0,40.0,50.0,kharif
Moth Bean,sandy,10.0,20.0,20.0,30.0,10.0,20.0,6.5,8.0,25.0,40.0,30.0,50.0,300.0,500.0,20.0,30.0,kharif
Adzuki Bean,loamy,15.0,20.0,30.0,40.0,15.0,20.0,6.0,7.0,20.0,30.0,50.0,70.0,500.0,800.0,40.0,50.0,kharif
Lima Bean,loamy,20.0,30.0,40.0,50.0,30.0,40.0,6.0,7.0,15.0,25.0,60.0,70.0,600.0,1000.0,50.0,60.0,rabi
Runner Bean,clay_loam,20.0,30.0,40.0,50.0,30.0,40.0,6.0,7.0,15.0,25.0,60.0,70.0,600.0,1000.0,50.0,60.0,rabi
Faba Bean,clay_loam,20.0,30.0,40.0,50.0,30.0,40.0,6.0,7.5,15.0,25.0,50.0,70.0,500.0,800.0,40.0,50.0,rabi
Pigeon Pea,loamy,20.0,30.0,40.0,50.0,20.0,30.0,6.0,7.5,20.0,30.0,50.0,60.0,600.0,800.0,40.0,50.0,kharif
Chickpea,black,15.0,20.0,30.0,40.0,15.0,20.0,6.0,7.0,15.0,25.0,40.0,50.0,300.0,450.0,30.0,40.0,rabi
Lentil,clay_loam,15.0,20.0,30.0,40.0,15.0,20.0,6.0,7.0,15.0,25.0,40.0,50.0,300.0,450.0,30.0,40.0,rabi
Grass Pea,clay,10.0,20.0,20.0,30.0,10.0,20.0,6.0,7.5,15.0,25.0,40.0,50.0,300.0,500.0,30.0,40.0,rabi
Buckwheat,sandy_loam,40.0,50.0,20.0,30.0,20.0,30.0,5.5,6.5,15.0,25.0,50.0,70.0,600.0,1000.0,40.0,50.0,hills/sum
Quinoa,sandy_loam,40.0,60.0,30.0,40.0,30.0,40.0,6.0,7.5,15.0,25.0,40.0,60.0,300.0,600.0,30.0,40.0,rabi
Amaranth (Grain),loamy,40.0,60.0,30.0,40.0,30.0,40.0,6.0,7.5,20.0,30.0,50.0,70.0,400.0,800.0,40.0,50.0,kharif
Chia,sandy_loam,30.0,50.0,20.0,30.0,20.0,30.0,6.0,7.5,20.0,30.0,40.0,60.0,400.0,800.0,30.0,40.0,kharif/rabi
Flaxseed,clay_loam,40.0,50.0,20.0,30.0,20.0,30.0,6.0,7.0,15.0,25.0,40.0,50.0,450.0,600.0,35.0,45.0,rabi
Hemp,loamy,60.0,80.0,30.0,40.0,40.0,50.0,6.0,7.0,20.0,30.0,50.0,70.0,600.0,1000.0,40.0,50.0,kharif
Kenaf,clay_loam,60.0,80.0,30.0,40.0,40.0,50.0,6.0,7.0,25.0,35.0,60.0,80.0,800.0,1200.0,50.0,60.0,kharif
Mesta,loamy,60.0,80.0,30.0,40.0,40.0,50.0,6.0,7.0,25.0,35.0,60.0,80.0,800.0,1200.0,50.0,60.0,kharif
Ramie,loamy,80.0,100.0,40.0,50.0,60.0,80.0,5.5,6.5,25.0,35.0,70.0,80.0,1500.0,2500.0,60.0,70.0,year_round
Sisal,sandy,20.0,40.0,10.0,20.0,20.0,30.0,6.0,8.0,25.0,40.0,40.0,60.0,500.0,1000.0,30.0,40.0,year_round
Abaca,loamy,80.0,100.0,40.0,50.0,60.0,80.0,5.5,6.5,25.0,35.0,70.0,90.0,2000.0,3000.0,70.0,80.0,year_round
Sunhemp,sandy_loam,10.0,20.0,30.0,40.0,20.0,30.0,6.0,7.5,25.0,35.0,50.0,70.0,500.0,1000.0,40.0,50.0,kharif
Dhaincha,clay,10.0,20.0,30.0,40.0,20.0,30.0,6.0,8.5,25.0,35.0,50.0,80.0,600.0,1200.0,50.0,80.0,kharif
Pillipesara,clay_loam,10.0,20.0,20.0,30.0,10.0,20.0,6.5,8.0,25.0,35.0,50.0,70.0,600.0,1000.0,40.0,60.0,kharif
Centrosema,loamy,10.0,20.0,20.0,30.0,10.0,20.0,5.5,7.0,25.0,35.0,60.0,80.0,1000.0,2000.0,50.0,70.0,year_round
Calopogonium,clay_loam,10.0,20.0,20.0,30.0,10.0,20.0,5.5,7.0,25.0,35.0,60.0,80.0,1000.0,2000.0,50.0,70.0,year_round
Pueraria,loamy,10.0,20.0,20.0,30.0,10.0,20.0,5.5,7.0,25.0,35.0,60.0,80.0,1500.0,2500.0,60.0,80.0,year_round
Mucuna,sandy_loam,10.0,20.0,20.0,30.0,10.0,20.0,5.5,7.0,25.0,35.0,60.0,80.0,1000.0,2000.0,50.0,70.0,kharif
Stylosanthes,sandy_loam,10.0,20.0,20.0,30.0,10.0,20.0,5.5,7.5,25.0,35.0,50.0,70.0,600.0,1200.0,40.0,60.0,year_round
Desmanthus,loamy,10.0,20.0,20.0,30.0,10.0,20.0,6.0,8.0,25.0,35.0,50.0,70.0,500.0,1000.0,40.0,50.0,year_round
Siratro,sandy_loam,10.0,20.0,20.0,30.0,10.0,20.0,6.0,7.5,25.0,35.0,50.0,70.0,600.0,1200.0,40.0,60.0,year_round
Guinea Grass,loamy,100.0,120.0,40.0,50.0,40.0,50.0,5.5,7.0,25.0,35.0,60.0,80.0,800.0,1500.0,50.0,70.0,year_round
Para Grass,clay,100.0,120.0,40.0,50.0,40.0,50.0,6.0,7.5,25.0,35.0,70.0,90.0,1000.0,2000.0,70.0,90.0,year_round
Rhodes Grass,sandy_loam,80.0,100.0,30.0,40.0,30.0,40.0,6.0,8.0,25.0,35.0,40.0,60.0,500.0,1000.0,30.0,50.0,year_round
Blue Panic,sandy,60.0,80.0,20.0,30.0,20.0,30.0,6.5,8.5,25.0,40.0,30.0,50.0,300.0,600.0,20.0,40.0,year_round
Dinanath Grass,loamy,80.0,100.0,30.0,40.0,30.0,40.0,6.0,7.5,25.0,35.0,50.0,70.0,600.0,1000.0,40.0,60.0,kharif
Sudan Grass,loamy,80.0,100.0,30.0,40.0,30.0,40.0,6.0,8.0,25.0,35.0,40.0,60.0,400.0,800.0,30.0,50.0,kharif
Teosinte,clay_loam,100.0,120.0,40.0,50.0,40.0,50.0,6.0,7.5,25.0,35.0,50.0,70.0,600.0,1000.0,50.0,60.0,kharif
Job's Tears,loamy,60.0,80.0,30.0,40.0,30.0,40.0,5.5,7.0,20.0,30.0,60.0,80.0,1000.0,2000.0,60.0,80.0,kharif
Napier Hybrid,loamy,150.0,200.0,40.0,60.0,40.0,60.0,6.0,7.5,25.0,35.0,60.0,80.0,1000.0,1500.0,60.0,70.0,year_round
Marvel Grass,clay_loam,60.0,80.0,20.0,30.0,20.0,30.0,6.5,8.0,25.0,35.0,40.0,60.0,500.0,800.0,30.0,50.0,year_round
Spear Grass,sandy,40.0,60.0,10.0,20.0,10.0,20.0,6.0,8.0,25.0,40.0,30.0,50.0,400.0,800.0,20.0,40.0,year_round
Chrysopogon,sandy_loam,40.0,60.0,10.0,20.0,10.0,20.0,6.0,8.0,25.0,40.0,30.0,50.0,400.0,800.0,20.0,40.0,year_round
Cenchrus,sandy,40.0,60.0,20.0,30.0,20.0,30.0,6.5,8.5,25.0,40.0,30.0,50.0,300.0,600.0,20.0,40.0,year_round
Lasiurus,sandy,40.0,60.0,10.0,20.0,10.0,20.0,7.0,8.5,25.0,45.0,20.0,40.0,100.0,400.0,10.0,30.0,year_round
Dichanthium,clay,60.0,80.0,20.0,30.0,20.0,30.0,6.5,8.5,25.0,40.0,30.0,50.0,400.0,800.0,30.0,50.0,year_round
Sehima,sandy_loam,40.0,60.0,10.0,20.0,10.0,20.0,6.0,8.0,25.0,40.0,30.0,50.0,400.0,800.0,20.0,40.0,year_round
Iseilema,loamy,40.0,60.0,10.0,20.0,10.0,20.0,6.0,7.5,25.0,35.0,40.0,60.0,500.0,1000.0,30.0,50.0,year_round
Vetiver (Oil),sandy,40.0,60.0,20.0,30.0,20.0,30.0,6.5,8.0,25.0,35.0,50.0,60.0,1000.0,1500.0,40.0,50.0,year_round
Geranium(Oil),sandy_loam,100.0,120.0,40.0,50.0,60.0,80.0,6.0,7.0,15.0,25.0,60.0,80.0,1000.0,1500.0,50.0,60.0,hills/winter
Patchouli(Oil),loamy,100.0,120.0,40.0,50.0,40.0,50.0,5.5,6.5,25.0,30.0,70.0,80.0,1500.0,2000.0,60.0,70.0,year_round
Lavender,sandy_loam,60.0,80.0,30.0,40.0,40.0,50.0,6.5,7.5,15.0,25.0,40.0,60.0,500.0,800.0,30.0,50.0,hills/winter
Rosemary,sandy_loam,60.0,80.0,30.0,40.0,40.0,50.0,6.0,7.5,15.0,25.0,40.0,60.0,500.0,800.0,30.0,50.0,hills/winter
Thyme,sandy_loam,40.0,60.0,20.0,30.0,30.0,40.0,6.0,7.5,15.0,25.0,40.0,60.0,400.0,700.0,30.0,50.0,hills/winter
Oregano,loamy,60.0,80.0,30.0,40.0,40.0,50.0,6.0,7.5,15.0,25.0,50.0,70.0,500.0,800.0,40.0,60.0,hills/winter
Marjoram,loamy,60.0,80.0,30.0,40.0,40.0,50.0,6.0,7.0,20.0,30.0,50.0,70.0,600.0,900.0,40.0,60.0,year_round
Sage,sandy_loam,60.0,80.0,30.0,40.0,40.0,50.0,6.0,7.0,15.0,25.0,40.0,60.0,500.0,800.0,30.0,50.0,hills/winter
Parsley,loamy,80.0,100.0,40.0,50.0,60.0,80.0,6.0,7.0,15.0,25.0,50.0,70.0,500.0,800.0,50.0,60.0,rabi
Celery,peaty,100.0,120.0,60.0,80.0,80.0,100.0,6.0,7.0,15.0,20.0,70.0,80.0,600.0,800.0,70.0,80.0,rabi
Dill,loamy,40.0,60.0,20.0,30.0,30.0,40.0,6.0,7.0,15.0,25.0,40.0,60.0,400.0,600.0,30.0,50.0,rabi
Caraway,loamy,40.0,60.0,20.0,30.0,30.0,40.0,6.0,7.0,15.0,25.0,40.0,60.0,400.0,600.0,30.0,50.0,rabi
Aniseed,loamy,40.0,60.0,20.0,30.0,30.0,40.0,6.0,7.0,15.0,25.0,40.0,60.0,400.0,600.0,30.0,50.0,rabi
Asafoetida,sandy_loam,20.0,30.0,10.0,20.0,20.0,30.0,6.5,8.0,15.0,30.0,30.0,50.0,200.0,500.0,20.0,40.0,hills/winter
Kalpasi,rock/bark,40.0,60.0,30.0,40.0,30.0,40.0,6.0,7.5,15.0,25.0,70.0,90.0,1500.0,3000.0,80.0,100.0,hills
Orchid,bark/peat,10.0,20.0,10.0,20.0,10.0,20.0,5.5,6.5,18.0,28.0,70.0,90.0,1500.0,3000.0,70.0,90.0,hills
Anthurium,peaty,20.0,30.0,10.0,20.0,20.0,30.0,5.5,6.5,20.0,30.0,70.0,90.0,1500.0,2500.0,70.0,90.0,hills
Carnation,loamy,100.0,120.0,80.0,100.0,100.0,120.0,6.0,7.0,15.0,25.0,50.0,70.0,500.0,800.0,50.0,60.0,hills/winter
Gerbera,sandy_loam,80.0,100.0,60.0,80.0,80.0,100.0,5.5,6.5,15.0,25.0,50.0,70.0,600.0,1000.0,50.0,60.0,hills/winter
Gladiolus,sandy_loam,80.0,100.0,60.0,80.0,80.0,100.0,6.0,7.0,15.0,25.0,50.0,70.0,600.0,1000.0,50.0,60.0,hills/winter
Lily,loamy,60.0,80.0,40.0,60.0,60.0,80.0,6.0,7.0,15.0,25.0,50.0,70.0,600.0,1000.0,50.0,60.0,hills/winter
Tulip,sandy_loam,60.0,80.0,40.0,60.0,60.0,80.0,6.0,7.0,10.0,20.0,50.0,70.0,500.0,800.0,40.0,60.0,hills/winter
Iris,loamy,40.0,60.0,30.0,40.0,40.0,60.0,6.5,7.5,15.0,25.0,50.0,70.0,500.0,800.0,40.0,60.0,hills/winter
Freesia,sandy_loam,40.0,60.0,30.0,40.0,40.0,60.0,6.0,7.0,15.0,25.0,50.0,70.0,500.0,800.0,40.0,60.0,hills/winter
Snapdragon,loamy,60.0,80.0,40.0,60.0,60.0,80.0,6.0,7.0,15.0,25.0,50.0,70.0,500.0,800.0,40.0,60.0,winter
Petunia,sandy_loam,60.0,80.0,40.0,60.0,60.0,80.0,6.0,7.0,15.0,25.0,50.0,70.0,500.0,800.0,40.0,60.0,winter
Pansy,loamy,40.0,60.0,30.0,40.0,40.0,60.0,6.0,7.0,10.0,20.0,50.0,70.0,400.0,600.0,40.0,60.0,winter
Salvia,loamy,60.0,80.0,40.0,60.0,60.0,80.0,6.0,7.0,15.0,25.0,50.0,70.0,500.0,800.0,40.0,60.0,winter
Zinnia,loamy,60.0,80.0,40.0,60.0,60.0,80.0,6.0,7.0,20.0,30.0,50.0,70.0,500.0,800.0,40.0,60.0,summer
Balsam,loamy,40.0,60.0,30.0,40.0,40.0,60.0,6.0,7.0,20.0,30.0,60.0,80.0,800.0,1200.0,50.0,70.0,kharif
Cockscomb,loamy,60.0,80.0,40.0,60.0,60.0,80.0,6.0,7.0,20.0,30.0,50.0,70.0,600.0,1000.0,40.0,60.0,kharif
Cosmos,sandy_loam,40.0,60.0,30.0,40.0,40.0,60.0,6.0,7.5,20.0,30.0,50.0,70.0,500.0,800.0,40.0,60.0,summer
Dahlia,loamy,80.0,100.0,60.0,80.0,80.0,100.0,6.0,7.0,15.0,25.0,50.0,70.0,600.0,1000.0,50.0,60.0,hills/winter
Aster,loamy,60.0,80.0,40.0,60.0,60.0,80.0,6.0,7.0,15.0,25.0,50.0,70.0,500.0,800.0,40.0,60.0,winter
Bougainvillea,sandy,20.0,40.0,20.0,30.0,40.0,60.0,6.0,8.0,25.0,40.0,40.0,60.0,400.0,800.0,20.0,40.0,year_round
Plumeria,sandy_loam,40.0,60.0,30.0,40.0,60.0,80.0,6.0,7.5,25.0,35.0,50.0,70.0,600.0,1000.0,30.0,50.0,year_round
Ixora,loamy,60.0,80.0,40.0,60.0,60.0,80.0,5.5,6.5,25.0,35.0,60.0,80.0,1000.0,2000.0,50.0,70.0,year_round
Mussaenda,loamy,40.0,60.0,30.0,40.0,40.0,60.0,6.0,7.0,25.0,35.0,60.0,80.0,1000.0,2000.0,50.0,70.0,year_round
Allamanda,loamy,40.0,60.0,30.0,40.0,40.0,60.0,6.0,7.0,25.0,35.0,60.0,80.0,1000.0,2000.0,50.0,70.0,year_round
Adenium,sandy,20.0,30.0,20.0,30.0,40.0,60.0,6.5,8.0,25.0,40.0,30.0,50.0,300.0,600.0,10.0,30.0,year_round
Euphorbia,sandy,20.0,30.0,20.0,30.0,30.0,40.0,6.0,8.0,25.0,40.0,30.0,50.0,300.0,600.0,10.0,30.0,year_round
Kalanchoe,sandy_loam,20.0,30.0,20.0,30.0,30.0,40.0,6.0,7.5,20.0,30.0,40.0,60.0,400.0,800.0,20.0,40.0,year_round
Portulaca,sandy,20.0,30.0,20.0,30.0,20.0,30.0,6.0,7.5,25.0,35.0,40.0,60.0,400.0,800.0,20.0,40.0,year_round
Gomphrena,sandy_loam,40.0,60.0,30.0,40.0,40.0,60.0,6.0,7.0,25.0,35.0,50.0,70.0,600.0,1000.0,40.0,60.0,year_round
Celosia,loamy,40.0,60.0,30.0,40.0,40.0,60.0,6.0,7.0,25.0,35.0,50.0,70.0,600.0,1000.0,40.0,60.0,kharif
Gaillardia,sandy_loam,40.0,60.0,30.0,40.0,40.0,60.0,6.0,7.5,25.0,35.0,40.0,60.0,400.0,800.0,30.0,50.0,summer
Sunflower(Orna),loamy,60.0,80.0,40.0,60.0,60.0,80.0,6.0,7.5,25.0,35.0,50.0,70.0,500.0,800.0,40.0,60.0,summer
Coreopsis,sandy_loam,40.0,60.0,30.0,40.0,40.0,60.0,6.0,7.5,20.0,30.0,50.0,70.0,500.0,800.0,30.0,50.0,summer
Hollyhock,loamy,60.0,80.0,40.0,60.0,60.0,80.0,6.0,7.0,15.0,25.0,50.0,70.0,500.0,800.0,40.0,60.0,winter
Delphinium,loamy,60.0,80.0,40.0,60.0,60.0,80.0,6.0,7.0,10.0,20.0,50.0,70.0,500.0,800.0,40.0,60.0,hills/winter
Foxglove,loamy,60.0,80.0,40.0,60.0,60.0,80.0,6.0,7.0,10.0,20.0,50.0,70.0,600.0,1000.0,50.0,70.0,hills/winter
Lupin,sandy_loam,40.0,60.0,40.0,60.0,40.0,60.0,5.5,7.0,10.0,20.0,50.0,70.0,500.0,800.0,40.0,60.0,hills/winter
Poppy,sandy_loam,40.0,60.0,30.0,40.0,40.0,60.0,6.0,7.0,15.0,25.0,40.0,60.0,400.0,600.0,30.0,50.0,winter
Sweet Pea,loamy,20.0,40.0,40.0,60.0,40.0,60.0,6.0,7.5,10.0,20.0,50.0,70.0,500.0,800.0,40.0,60.0,winter
Morning Glory,sandy_loam,40.0,60.0,30.0,40.0,40.0,60.0,6.0,7.5,20.0,30.0,50.0,70.0,600.0,1000.0,40.0,60.0,summer
Moonflower,loamy,40.0,60.0,30.0,40.0,40.0,60.0,6.0,7.5,20.0,30.0,50.0,70.0,600.0,1000.0,40.0,60.0,summer
Cypress Vine,sandy_loam,40.0,60.0,30.0,40.0,40.0,60.0,6.0,7.5,20.0,30.0,50.0,70.0,600.0,1000.0,40.0,60.0,summer
Butterfly Pea,loamy,20.0,30.0,30.0,40.0,30.0,40.0,6.0,7.5,25.0,35.0,50.0,70.0,800.0,1500.0,40.0,60.0,year_round
Rangoon Creep.,loamy,60.0,80.0,40.0,60.0,60.0,80.0,6.0,7.5,25.0,35.0,60.0,80.0,1000.0,2000.0,50.0,70.0,year_round
Coral Vine,sandy_loam,40.0,60.0,30.0,40.0,40.0,60.0,6.0,7.5,25.0,35.0,50.0,70.0,600.0,1200.0,40.0,60.0,year_round
Passion Flower,loamy,60.0,80.0,40.0,60.0,60.0,80.0,6.0,7.0,20.0,30.0,60.0,80.0,1000.0,1500.0,50.0,70.0,year_round
Golden Shower,loamy,40.0,60.0,30.0,40.0,30.0,40.0,6.0,7.5,25.0,40.0,50.0,70.0,800.0,1500.0,40.0,60.0,long_term
Pink Trumpet,sandy_loam,40.0,60.0,30.0,40.0,30.0,40.0,6.0,7.5,25.0,35.0,50.0,70.0,800.0,1500.0,40.0,60.0,long_term
Copper Pod,loamy,40.0,60.0,30.0,40.0,30.0,40.0,6.0,7.5,25.0,35.0,50.0,70.0,800.0,1500.0,40.0,60.0,long_term
Gulmohar,sandy_loam,40.0,60.0,30.0,40.0,30.0,40.0,6.0,7.5,25.0,40.0,40.0,60.0,600.0,1200.0,30.0,50.0,long_term
Jacaranda,loamy,40.0,60.0,30.0,40.0,30.0,40.0,5.5,7.0,15.0,25.0,60.0,80.0,1000.0,2000.0,50.0,70.0,long_term
Spathodea,loamy,40.0,60.0,30.0,40.0,30.0,40.0,6.0,7.5,25.0,35.0,60.0,80.0,1000.0,2000.0,50.0,70.0,long_term
Rain Tree,clay_loam,40.0,60.0,30.0,40.0,30.0,40.0,6.0,7.5,25.0,35.0,60.0,80.0,1000.0,2500.0,50.0,70.0,long_term
Peltophorum,loamy,40.0,60.0,30.0,40.0,30.0,40.0,6.0,7.5,25.0,35.0,50.0,70.0,800.0,1500.0,40.0,60.0,long_term
Bauhinia,loamy,40.0,60.0,30.0,40.0,30.0,40.0,6.0,7.5,20.0,35.0,50.0,70.0,800.0,1500.0,40.0,60.0,long_term
Cassia Javanica,loamy,40.0,60.0,30.0,40.0,30.0,40.0,6.0,7.5,25.0,35.0,50.0,70.0,800.0,1500.0,40.0,60.0,long_term
Cassia Nodosa,loamy,40.0,60.0,30.0,40.0,30.0,40.0,6.0,7.5,25.0,35.0,50.0,70.0,800.0,1500.0,40.0,60.0,long_term
Butea Monosp.,clay,20.0,40.0,20.0,30.0,20.0,30.0,6.0,8.0,25.0,45.0,30.0,50.0,500.0,1000.0,30.0,50.0,long_term
Bombax Ceiba,sandy_loam,40.0,60.0,30.0,40.0,30.0,40.0,6.0,7.5,25.0,40.0,40.0,60.0,600.0,1500.0,30.0,50.0,long_term
Michelia Cham.,loamy,60.0,80.0,40.0,50.0,40.0,50.0,5.5,7.0,20.0,30.0,70.0,80.0,1500.0,2500.0,50.0,70.0,long_term
Mimusops Elengi,sandy_loam,40.0,60.0,30.0,40.0,30.0,40.0,6.0,7.5,25.0,35.0,60.0,70.0,800.0,1500.0,40.0,60.0,long_term
Neolamarckia,clay_loam,60.0,80.0,40.0,50.0,40.0,50.0,5.5,7.0,25.0,35.0,70.0,80.0,1500.0,2500.0,60.0,80.0,long_term
Saraca Asoca,loamy,40.0,60.0,30.0,40.0,30.0,40.0,6.0,7.5,25.0,35.0,60.0,80.0,1000.0,2000.0,50.0,70.0,long_term
Polyalthia,loamy,40.0,60.0,30.0,40.0,30.0,40.0,6.0,7.5,25.0,35.0,60.0,80.0,1000.0,2000.0,50.0,70.0,long_term
Alstonia Schol.,clay_loam,40.0,60.0,30.0,40.0,30.0,40.0,6.0,7.5,25.0,35.0,60.0,80.0,1200.0,2500.0,50.0,70.0,long_term
Terminalia Arj.,clay_loam,40.0,60.0,30.0,40.0,30.0,40.0,6.0,7.5,25.0,35.0,60.0,80.0,1000.0,2000.0,50.0,70.0,long_term
Terminalia Bel.,loamy,40.0,60.0,30.0,40.0,30.0,40.0,6.0,7.5,25.0,35.0,50.0,70.0,800.0,1500.0,40.0,60.0,long_term
Terminalia Che.,rocky/dry,30.0,50.0,20.0,30.0,20.0,30.0,6.0,7.5,25.0,40.0,40.0,60.0,600.0,1000.0,30.0,50.0,long_term
Pongamia Pin.,sandy_loam,20.0,30.0,20.0,30.0,20.0,30.0,6.0,8.0,25.0,40.0,40.0,60.0,500.0,1000.0,30.0,50.0,long_term
Azadirachta In.,sandy_loam,20.0,30.0,20.0,30.0,20.0,30.0,6.2,7.0,25.0,40.0,40.0,60.0,400.0,1000.0,30.0,40.0,long_term
Melia Azedar.,red_laterite,40.0,60.0,30.0,40.0,30.0,40.0,5.5,7.0,25.0,35.0,50.0,70.0,800.0,1500.0,40.0,60.0,long_term
Tectona Grandis,loamy,50.0,70.0,30.0,40.0,40.0,50.0,6.5,7.5,25.0,35.0,60.0,80.0,1200.0,2000.0,40.0,60.0,long_term
Santalum Album,red_laterite,20.0,40.0,10.0,20.0,10.0,20.0,6.0,7.5,25.0,35.0,50.0,60.0,600.0,1200.0,30.0,50.0,long_term
Pterocarpus San,red_laterite,20.0,40.0,10.0,20.0,10.0,20.0,6.0,7.5,25.0,40.0,40.0,50.0,500.0,1000.0,20.0,40.0,long_term
Dalbergia Lat.,loamy,40.0,60.0,30.0,40.0,30.0,40.0,5.5,7.0,20.0,35.0,60.0,80.0,1000.0,2500.0,40.0,60.0,long_term
Dalbergia Sis.,sandy_loam,40.0,60.0,30.0,40.0,30.0,40.0,6.0,7.5,20.0,40.0,40.0,60.0,800.0,1500.0,30.0,50.0,long_term
Acacia Niloti.,clay,20.0,30.0,10.0,20.0,10.0,20.0,6.5,8.5,25.0,45.0,30.0,50.0,300.0,800.0,20.0,40.0,long_term
Acacia Leucop.,sandy,20.0,30.0,10.0,20.0,10.0,20.0,6.5,8.5,25.0,45.0,30.0,50.0,300.0,800.0,20.0,40.0,long_term
Acacia Catechu,rocky/dry,20.0,30.0,10.0,20.0,10.0,20.0,6.5,8.0,25.0,40.0,30.0,50.0,400.0,800.0,20.0,40.0,long_term
Prosopis Juli.,sandy,20.0,30.0,10.0,20.0,10.0,20.0,6.5,9.0,25.0,45.0,30.0,50.0,200.0,800.0,10.0,30.0,invasive
Casuarina Equ.,sandy,30.0,40.0,20.0,30.0,20.0,30.0,6.0,8.0,25.0,35.0,60.0,80.0,800.0,1500.0,40.0,60.0,long_term
Eucalyptus Gl.,sandy_loam,60.0,80.0,40.0,50.0,40.0,50.0,5.5,6.5,20.0,35.0,50.0,60.0,800.0,1200.0,40.0,60.0,long_term
Grevillea Rob.,loamy,40.0,60.0,30.0,40.0,30.0,40.0,5.5,6.5,15.0,25.0,60.0,80.0,1000.0,2000.0,50.0,70.0,long_term
Toona Ciliata,loamy,40.0,60.0,30.0,40.0,30.0,40.0,5.5,7.0,20.0,30.0,60.0,80.0,1200.0,2500.0,50.0,70.0,long_term
Gmelina Arbor.,clay_loam,40.0,60.0,30.0,40.0,30.0,40.0,6.0,7.5,25.0,35.0,60.0,80.0,1000.0,2000.0,50.0,70.0,long_term
Haldina Cord.,clay_loam,40.0,60.0,30.0,40.0,30.0,40.0,6.0,7.5,25.0,35.0,60.0,80.0,1000.0,2000.0,50.0,70.0,long_term
Swietenia Mac.,clay_loam,50.0,70.0,30.0,40.0,30.0,40.0,6.0,7.5,20.0,30.0,60.0,80.0,1500.0,2500.0,50.0,70.0,long_term
Ailanthus Exc.,sandy,30.0,40.0,20.0,30.0,20.0,30.0,6.0,8.0,25.0,40.0,40.0,60.0,500.0,1000.0,30.0,50.0,long_term
Anthocephalus,clay_loam,60.0,80.0,40.0,50.0,40.0,50.0,5.5,7.0,25.0,35.0,70.0,80.0,1500.0,2500.0,60.0,80.0,long_term
Madhuca Longi.,sandy_loam,40.0,60.0,30.0,40.0,30.0,40.0,6.0,7.5,25.0,40.0,40.0,60.0,600.0,1200.0,30.0,50.0,long_term
Ficus Bengal.,clay_loam,30.0,40.0,20.0,30.0,20.0,30.0,6.0,8.0,25.0,40.0,40.0,60.0,500.0,1500.0,30.0,50.0,long_term
Ficus Religio.,loamy,30.0,40.0,20.0,30.0,20.0,30.0,6.0,8.0,25.0,40.0,40.0,60.0,500.0,1500.0,30.0,50.0,long_term
Ficus Racemo.,clay_loam,30.0,40.0,20.0,30.0,20.0,30.0,6.0,7.5,25.0,40.0,50.0,70.0,800.0,1500.0,40.0,60.0,long_term
Artocarpus In.,clay_loam,40.0,60.0,30.0,40.0,30.0,40.0,6.0,7.5,25.0,35.0,60.0,80.0,1500.0,2000.0,50.0,70.0,long_term
Artocarpus Hi.,clay_loam,40.0,60.0,30.0,40.0,30.0,40.0,5.5,7.0,25.0,35.0,70.0,90.0,2000.0,3000.0,60.0,80.0,long_term
Ceiba Pentan.,clay_loam,40.0,60.0,30.0,40.0,30.0,40.0,6.0,7.5,25.0,35.0,60.0,80.0,1000.0,2000.0,50.0,70.0,long_term
Hevea Brasil.,red_laterite,40.0,60.0,30.0,40.0,30.0,40.0,4.5,6.0,25.0,35.0,75.0,85.0,2000.0,3000.0,70.0,90.0,long_term
Caryota Urens,clay_loam,40.0,60.0,30.0,40.0,40.0,60.0,6.0,7.5,20.0,30.0,70.0,90.0,1500.0,2500.0,60.0,80.0,long_term
Borassus Flab.,sandy,20.0,40.0,20.0,30.0,30.0,40.0,6.5,8.5,25.0,45.0,40.0,70.0,400.0,1000.0,20.0,40.0,long_term
Cocos Nucifera,sandy,100.0,150.0,50.0,75.0,150.0,200.0,5.2,8.0,25.0,30.0,70.0,80.0,1500.0,2500.0,60.0,80.0,long_term
Areca Catechu,red_laterite,80.0,120.0,40.0,60.0,80.0,120.0,5.5,7.0,20.0,30.0,70.0,80.0,2000.0,3000.0,60.0,80.0,long_term
Elaeis Guine.,loamy,100.0,150.0,50.0,80.0,150.0,200.0,5.5,7.0,25.0,35.0,75.0,85.0,2000.0,3000.0,70.0,90.0,long_term
Phoenix Sylv.,sandy,20.0,40.0,20.0,30.0,30.0,40.0,6.0,8.0,25.0,40.0,40.0,60.0,400.0,800.0,20.0,40.0,long_term
Calamus Rot.,peaty,40.0,60.0,30.0,40.0,30.0,40.0,5.5,6.5,25.0,35.0,70.0,90.0,2000.0,3000.0,70.0,90.0,long_term
Bambusa Bam.,loamy,60.0,80.0,30.0,40.0,30.0,40.0,5.0,6.5,20.0,35.0,60.0,80.0,1200.0,2500.0,50.0,70.0,long_term
Dendrocalamus,loamy,60.0,80.0,40.0,50.0,40.0,50.0,5.5,6.5,20.0,35.0,60.0,80.0,1500.0,2500.0,50.0,70.0,long_term
Ochlandra,clay_loam,40.0,60.0,30.0,40.0,30.0,40.0,5.5,6.5,20.0,30.0,70.0,90.0,2000.0,3000.0,60.0,80.0,long_term
Aloe Barbad.,sandy,40.0,60.0,40.0,60.0,40.0,60.0,7.0,8.5,25.0,40.0,30.0,40.0,300.0,500.0,20.0,30.0,year_round
Agave Sisal.,sandy,30.0,50.0,20.0,30.0,30.0,40.0,6.0,8.0,25.0,40.0,30.0,50.0,300.0,800.0,20.0,40.0,year_round
Sansevieria,sandy_loam,20.0,40.0,20.0,30.0,20.0,30.0,6.0,7.5,20.0,35.0,40.0,60.0,500.0,1000.0,30.0,50.0,year_round
Vanilla Plan.,loamy,50.0,80.0,30.0,50.0,50.0,80.0,6.0,7.0,25.0,30.0,80.0,90.0,2000.0,3000.0,70.0,90.0,year_round
Piper Nigrum,red_laterite,100.0,120.0,40.0,50.0,120.0,140.0,5.5,6.5,20.0,30.0,70.0,90.0,2000.0,3000.0,70.0,90.0,year_round
Piper Longum,loamy,80.0,100.0,40.0,50.0,80.0,100.0,6.0,7.0,25.0,35.0,70.0,90.0,1500.0,2500.0,60.0,80.0,year_round
Piper Betle,clay_loam,100.0,150.0,50.0,70.0,50.0,70.0,6.5,7.5,25.0,35.0,70.0,90.0,1500.0,2000.0,70.0,90.0,year_round
Elettaria Ca.,peaty,80.0,100.0,80.0,100.0,150.0,200.0,5.0,6.5,15.0,25.0,75.0,90.0,1500.0,4000.0,70.0,90.0,year_round
Syzygium Ar.,black,200.0,250.0,200.0,250.0,400.0,500.0,5.5,7.0,20.0,30.0,70.0,80.0,1500.0,2500.0,60.0,80.0,year_round
Myristica Fr.,clay_loam,200.0,250.0,100.0,150.0,200.0,250.0,6.0,7.0,20.0,30.0,70.0,80.0,1500.0,2500.0,60.0,80.0,year_round
Cinnamomum V.,red_laterite,200.0,250.0,100.0,150.0,100.0,150.0,5.0,6.5,20.0,30.0,70.0,80.0,1500.0,2500.0,60.0,80.0,year_round
Cinnamomum T.,loamy,100.0,150.0,50.0,80.0,50.0,80.0,6.0,7.0,20.0,30.0,60.0,80.0,1500.0,2000.0,50.0,70.0,year_round
Illicium Ve.,peaty,80.0,100.0,40.0,50.0,60.0,80.0,5.5,6.5,15.0,25.0,70.0,90.0,1500.0,2500.0,60.0,80.0,year_round
Murraya Koe.,sandy_loam,80.0,100.0,40.0,50.0,40.0,50.0,6.0,7.0,25.0,35.0,50.0,60.0,800.0,1000.0,50.0,70.0,year_round
Mentha Spica.,loamy,80.0,100.0,40.0,50.0,40.0,50.0,6.0,7.0,20.0,30.0,60.0,80.0,800.0,1000.0,60.0,80.0,year_round
Cymbopogon C.,red_laterite,100.0,120.0,40.0,50.0,40.0,50.0,5.5,7.5,20.0,30.0,70.0,80.0,1500.0,2500.0,60.0,80.0,year_round
Cymbopogon M.,sandy_loam,100.0,120.0,40.0,50.0,40.0,50.0,5.8,6.5,20.0,30.0,70.0,80.0,1500.0,2000.0,60.0,80.0,year_round
Coriandrum S.,loamy,30.0,40.0,30.0,40.0,20.0,30.0,6.0,7.0,15.0,25.0,50.0,60.0,400.0,500.0,40.0,60.0,rabi
Cuminum Cymi.,sandy_loam,30.0,40.0,20.0,30.0,15.0,20.0,7.0,8.0,15.0,25.0,40.0,50.0,200.0,300.0,30.0,50.0,rabi
Foeniculum V.,loamy,60.0,80.0,40.0,50.0,40.0,50.0,6.5,8.0,15.0,25.0,40.0,50.0,300.0,500.0,30.0,50.0,rabi
Trigonella F.,clay_loam,20.0,30.0,40.0,50.0,20.0,30.0,6.0,7.0,15.0,25.0,50.0,60.0,300.0,400.0,40.0,60.0,rabi
Brassica Jun.,sandy_loam,60.0,80.0,30.0,40.0,30.0,40.0,6.0,7.5,15.0,25.0,40.0,60.0,300.0,450.0,30.0,50.0,rabi
Sesamum Ind.,sandy_loam,30.0,40.0,20.0,30.0,20.0,30.0,5.5,8.0,25.0,35.0,50.0,60.0,400.0,600.0,30.0,50.0,kharif/zaid
Ricinus Com.,loamy,40.0,60.0,30.0,40.0,20.0,30.0,5.0,6.5,20.0,30.0,40.0,60.0,500.0,700.0,40.0,60.0,kharif
Arachis Hyp.,sandy_loam,20.0,30.0,40.0,60.0,60.0,80.0,6.0,6.5,25.0,30.0,50.0,70.0,500.0,700.0,40.0,60.0,kharif/rabi
Glycine Max,loamy,20.0,30.0,60.0,80.0,40.0,60.0,6.0,6.5,20.0,30.0,50.0,70.0,600.0,800.0,45.0,65.0,kharif
Helianthus A.,black,60.0,80.0,40.0,60.0,40.0,60.0,6.5,8.0,20.0,30.0,50.0,60.0,500.0,700.0,40.0,60.0,kharif/rabi
Carthamus T.,black,40.0,60.0,20.0,30.0,20.0,30.0,6.5,7.5,15.0,25.0,40.0,50.0,300.0,450.0,30.0,50.0,rabi
Linum Usita.,clay_loam,40.0,50.0,20.0,30.0,20.0,30.0,5.0,7.0,15.0,25.0,40.0,50.0,450.0,600.0,35.0,50.0,rabi
Gossypium H.,black,80.0,120.0,40.0,60.0,40.0,60.0,5.8,8.0,21.0,30.0,50.0,70.0,500.0,700.0,40.0,60.0,kharif
Corchorus C.,clay_loam,60.0,80.0,30.0,40.0,30.0,40.0,6.0,7.5,24.0,35.0,70.0,90.0,1500.0,2000.0,70.0,90.0,kharif
Hibiscus Ca.,clay_loam,60.0,80.0,30.0,40.0,40.0,50.0,6.0,7.0,25.0,35.0,60.0,80.0,800.0,1200.0,50.0,70.0,kharif
Crotalaria J.,sandy_loam,10.0,20.0,30.0,40.0,20.0,30.0,6.0,7.5,25.0,35.0,50.0,70.0,500.0,1000.0,40.0,60.0,kharif
Sesbania Bi.,clay,10.0,20.0,30.0,40.0,20.0,30.0,6.0,8.5,25.0,35.0,50.0,80.0,600.0,1200.0,50.0,80.0,kharif
Vigna Tril.,clay_loam,10.0,20.0,20.0,30.0,10.0,20.0,6.5,8.0,25.0,35.0,50.0,70.0,600.0,1000.0,40.0,60.0,kharif
Centrosema M.,loamy,10.0,20.0,20.0,30.0,10.0,20.0,5.5,7.0,25.0,35.0,60.0,80.0,1000.0,2000.0,50.0,70.0,year_round
Calopogonium M,clay_loam,10.0,20.0,20.0,30.0,10.0,20.0,5.5,7.0,25.0,35.0,60.0,80.0,1000.0,2000.0,50.0,70.0,year_round
Pueraria Pha.,loamy,10.0,20.0,20.0,30.0,10.0,20.0,5.5,7.0,25.0,35.0,60.0,80.0,1500.0,2500.0,60.0,80.0,year_round
Mucuna Prur.,sandy_loam,10.0,20.0,20.0,30.0,10.0,20.0,5.5,7.0,25.0,35.0,60.0,80.0,1000.0,2000.0,50.0,70.0,kharif
Panicum Max.,loamy,100.0,120.0,40.0,50.0,40.0,50.0,5.5,7.0,25.0,35.0,60.0,80.0,800.0,1500.0,50.0,70.0,year_round
Brachiaria M.,clay,100.0,120.0,40.0,50.0,40.0,50.0,6.0,7.5,25.0,35.0,70.0,90.0,1000.0,2000.0,70.0,90.0,year_round
Chloris Gay.,sandy_loam,80.0,100.0,30.0,40.0,30.0,40.0,6.0,8.0,25.0,35.0,40.0,60.0,500.0,1000.0,30.0,50.0,year_round
Panicum Ant.,sandy,60.0,80.0,20.0,30.0,20.0,30.0,6.5,8.5,25.0,40.0,30.0,50.0,300.0,600.0,20.0,40.0,year_round
Pennisetum P.,loamy,80.0,100.0,30.0,40.0,30.0,40.0,6.0,7.5,25.0,35.0,50.0,70.0,600.0,1000.0,40.0,60.0,kharif
Sorghum Sud.,loamy,80.0,100.0,30.0,40.0,30.0,40.0,6.0,8.0,25.0,35.0,40.0,60.0,400.0,800.0,30.0,50.0,kharif
Zea Mexicana,clay_loam,100.0,120.0,40.0,50.0,40.0,50.0,6.0,7.5,25.0,35.0,50.0,70.0,600.0,1000.0,50.0,70.0,kharif
Coix Lacryma,loamy,60.0,80.0,30.0,40.0,30.0,40.0,5.5,7.0,20.0,30.0,60.0,80.0,1000.0,2000.0,60.0,80.0,kharif
Dichanthium A,clay_loam,60.0,80.0,20.0,30.0,20.0,30.0,6.5,8.0,25.0,35.0,40.0,60.0,500.0,800.0,30.0,50.0,year_round
Heteropogon C,sandy,40.0,60.0,10.0,20.0,10.0,20.0,6.0,8.0,25.0,40.0,30.0,50.0,400.0,800.0,20.0,40.0,year_round
Chrysopogon F,sandy_loam,40.0,60.0,10.0,20.0,10.0,20.0,6.0,8.0,25.0,40.0,30.0,50.0,400.0,800.0,20.0,40.0,year_round
Cenchrus Cili,sandy,40.0,60.0,20.0,30.0,20.0,30.0,6.5,8.5,25.0,40.0,30.0,50.0,300.0,600.0,20.0,40.0,year_round
Lasiurus Sin,sandy,40.0,60.0,10.0,20.0,10.0,20.0,7.0,8.5,25.0,45.0,20.0,40.0,100.0,400.0,10.0,30.0,year_round
Sehima Nervo,sandy_loam,40.0,60.0,10.0,20.0,10.0,20.0,6.0,8.0,25.0,40.0,30.0,50.0,400.0,800.0,20.0,40.0,year_round
Iseilema Lax,loamy,40.0,60.0,10.0,20.0,10.0,20.0,6.0,7.5,25.0,35.0,40.0,60.0,500.0,1000.0,30.0,50.0,year_round
Medicago Sat,loamy,20.0,30.0,80.0,100.0,40.0,60.0,6.5,7.5,15.0,25.0,40.0,60.0,500.0,800.0,40.0,60.0,rabi
Trifolium Al,clay,20.0,30.0,60.0,80.0,30.0,40.0,6.5,8.0,15.0,25.0,50.0,60.0,400.0,600.0,50.0,70.0,rabi
Vigna Ungui,sandy_loam,15.0,20.0,30.0,40.0,15.0,20.0,5.5,6.5,20.0,30.0,50.0,60.0,400.0,600.0,40.0,60.0,kharif/zaid
Cyamopsis T,sandy_loam,20.0,30.0,40.0,50.0,20.0,30.0,7.0,8.0,25.0,35.0,40.0,50.0,300.0,400.0,30.0,50.0,kharif
Vigna Radia,loamy,15.0,20.0,30.0,40.0,15.0,20.0,6.5,7.5,25.0,35.0,50.0,60.0,400.0,600.0,35.0,50.0,kharif/zaid
Vigna Mungo,black,20.0,25.0,40.0,50.0,20.0,30.0,5.5,7.5,25.0,35.0,60.0,70.0,400.0,600.0,30.0,50.0,kharif/rabi
Cajanus Cajan,loamy,20.0,30.0,40.0,50.0,20.0,30.0,6.0,7.5,20.0,30.0,50.0,60.0,600.0,800.0,40.0,60.0,kharif
Cicer Arieti,black,15.0,20.0,30.0,40.0,15.0,20.0,6.0,7.0,15.0,25.0,40.0,50.0,300.0,450.0,30.0,50.0,rabi
Macrotyloma,sandy_loam,10.0,15.0,20.0,30.0,10.0,15.0,5.0,7.5,25.0,30.0,40.0,50.0,300.0,400.0,30.0,50.0,kharif/rabi
Lablab Purp,clay_loam,20.0,30.0,50.0,60.0,40.0,50.0,6.0,7.0,20.0,30.0,60.0,70.0,600.0,900.0,50.0,70.0,kharif/rabi
Phaseolus V,loamy,40.0,50.0,60.0,80.0,40.0,50.0,5.5,6.5,15.0,25.0,60.0,70.0,500.0,700.0,50.0,70.0,kharif/rabi
Pisum Sativ,loamy,20.0,30.0,50.0,60.0,40.0,50.0,6.0,7.5,15.0,20.0,50.0,60.0,400.0,600.0,40.0,60.0,rabi
Lens Culina,clay_loam,15.0,20.0,30.0,40.0,15.0,20.0,6.0,7.0,15.0,25.0,40.0,50.0,300.0,450.0,30.0,50.0,rabi
Lathyrus Sa,clay,10.0,20.0,20.0,30.0,10.0,20.0,6.0,7.5,15.0,25.0,40.0,50.0,300.0,500.0,30.0,50.0,rabi
Fagopyrum E,sandy_loam,40.0,50.0,20.0,30.0,20.0,30.0,5.5,6.5,15.0,25.0,50.0,70.0,600.0,1000.0,40.0,60.0,hills/sum
Chenopodium,sandy_loam,40.0,60.0,30.0,40.0,30.0,40.0,6.0,7.5,15.0,25.0,40.0,60.0,300.0,600.0,30.0,50.0,rabi
Amaranthus C,loamy,40.0,60.0,30.0,40.0,30.0,40.0,6.0,7.5,20.0,30.0,50.0,70.0,400.0,800.0,40.0,60.0,kharif
Salvia Hisp,sandy_loam,30.0,50.0,20.0,30.0,20.0,30.0,6.0,7.5,20.0,30.0,40.0,60.0,400.0,800.0,30.0,50.0,kharif/rabi
Nelumbo Nuc,silty,40.0,60.0,30.0,40.0,30.0,40.0,6.0,7.5,25.0,35.0,80.0,100.0,600.0,1000.0,100.0,100.0,year_round
Nymphaea Nuc,peaty,40.0,60.0,30.0,40.0,30.0,40.0,6.0,7.5,25.0,35.0,80.0,100.0,600.0,1000.0,100.0,100.0,year_round
Aponogeton,silty,40.0,60.0,30.0,40.0,30.0,40.0,6.0,7.5,25.0,35.0,80.0,100.0,600.0,1000.0,100.0,100.0,year_round
Trapa Natans,silty,40.0,60.0,30.0,40.0,30.0,40.0,6.0,7.5,25.0,35.0,80.0,100.0,600.0,1000.0,100.0,100.0,kharif
Euryale Fero,silty,40.0,60.0,30.0,40.0,30.0,40.0,6.0,7.5,25.0,35.0,80.0,100.0,600.0,1000.0,100.0,100.0,kharif
Ipomoea Aqua,silty,40.0,60.0,30.0,40.0,30.0,40.0,6.0,7.5,25.0,35.0,80.0,100.0,600.0,1000.0,100.0,100.0,year_round
Nasturtium O,silty,40.0,60.0,30.0,40.0,30.0,40.0,6.5,7.5,15.0,25.0,80.0,100.0,600.0,1000.0,100.0,100.0,hills/winter
Colocasia E,clay_loam,80.0,100.0,40.0,60.0,80.0,100.0,5.5,7.0,25.0,30.0,70.0,80.0,1000.0,1500.0,70.0,90.0,kharif
Typha Angu,peaty,40.0,60.0,30.0,40.0,30.0,40.0,6.0,7.5,25.0,35.0,80.0,100.0,600.0,1000.0,100.0,100.0,year_round
Phragmites K,peaty,40.0,60.0,30.0,40.0,30.0,40.0,6.0,8.0,25.0,40.0,70.0,90.0,600.0,1000.0,100.0,100.0,year_round
Schoenoplect,peaty,40.0,60.0,30.0,40.0,30.0,40.0,5.5,7.5,25.0,35.0,80.0,100.0,600.0,1000.0,100.0,100.0,year_round
Cyperus Cory,silty,40.0,60.0,30.0,40.0,30.0,40.0,6.0,7.5,25.0,35.0,80.0,100.0,600.0,1000.0,100.0,100.0,year_round
Pandanus Fac,sandy,40.0,50.0,20.0,30.0,40.0,50.0,6.5,8.0,25.0,35.0,70.0,90.0,1500.0,2500.0,60.0,80.0,year_round
Nypa Frutica,clay,20.0,40.0,10.0,20.0,20.0,30.0,6.5,8.5,25.0,35.0,80.0,100.0,600.0,1000.0,80.0,100.0,long_term
Avicennia Ma,clay,10.0,20.0,10.0,20.0,10.0,20.0,7.0,8.5,25.0,35.0,80.0,100.0,600.0,1000.0,80.0,100.0,long_term
Holy Basil (Vana),sandy_loam,80.0,100.0,40.0,50.0,40.0,50.0,6.0,7.5,25.0,35.0,50.0,70.0,600.0,1000.0,40.0,60.0,kharif
Camphor Basil,sandy_loam,80.0,100.0,40.0,50.0,40.0,50.0,6.0,7.5,25.0,35.0,50.0,70.0,600.0,1000.0,40.0,60.0,kharif
Lemon Basil,loamy,80.0,100.0,40.0,50.0,40.0,50.0,6.0,7.5,25.0,35.0,50.0,70.0,600.0,1000.0,40.0,60.0,kharif
Sweet Flag (Wild),clay_loam,30.0,40.0,20.0,30.0,20.0,30.0,5.5,7.0,20.0,30.0,70.0,90.0,1000.0,2000.0,70.0,90.0,kharif
Winter Cherry,sandy_loam,20.0,30.0,20.0,30.0,10.0,20.0,7.5,8.0,25.0,35.0,40.0,50.0,500.0,700.0,30.0,40.0,kharif
Indian Madder,loamy,40.0,60.0,30.0,40.0,40.0,50.0,6.0,7.5,20.0,30.0,60.0,80.0,1000.0,1500.0,50.0,70.0,year_round
Long Pepper(Wild),loamy,60.0,80.0,40.0,50.0,60.0,80.0,6.0,7.0,25.0,35.0,70.0,90.0,1500.0,2000.0,60.0,80.0,year_round
Black Musli,sandy_loam,30.0,40.0,20.0,30.0,20.0,30.0,6.0,7.5,25.0,35.0,60.0,80.0,1000.0,1500.0,50.0,70.0,kharif
Safed Musli,sandy_loam,40.0,50.0,30.0,40.0,30.0,40.0,6.5,7.5,25.0,35.0,50.0,70.0,800.0,1200.0,40.0,60.0,kharif
Coleus Forskohlii,sandy_loam,30.0,40.0,40.0,50.0,40.0,50.0,5.5,7.0,20.0,30.0,60.0,70.0,800.0,1200.0,50.0,60.0,kharif
Indian Squill,sandy,20.0,30.0,20.0,30.0,20.0,30.0,6.5,8.0,25.0,40.0,30.0,50.0,300.0,600.0,20.0,40.0,rabi
Glory Lily,sandy_loam,40.0,60.0,30.0,40.0,40.0,60.0,6.0,7.0,25.0,35.0,50.0,70.0,600.0,1000.0,40.0,60.0,kharif
Plumbago,sandy_loam,20.0,30.0,20.0,30.0,20.0,30.0,6.0,7.5,25.0,35.0,50.0,70.0,600.0,1000.0,40.0,60.0,year_round
Rauvolfia,loamy,20.0,30.0,20.0,30.0,20.0,30.0,6.0,7.5,20.0,30.0,70.0,80.0,1500.0,2500.0,60.0,70.0,kharif
Tinospora,red_laterite,20.0,30.0,20.0,30.0,20.0,30.0,6.0,7.5,25.0,35.0,60.0,80.0,1000.0,1500.0,50.0,60.0,year_round
Gymnema,sandy_loam,20.0,30.0,20.0,30.0,20.0,30.0,6.0,7.5,25.0,35.0,50.0,70.0,600.0,1000.0,40.0,60.0,year_round
Cissus Quadran.,sandy,20.0,30.0,20.0,30.0,20.0,30.0,6.5,8.0,25.0,40.0,40.0,50.0,300.0,600.0,20.0,30.0,year_round
Hemidesmus Ind.,sandy_loam,20.0,30.0,20.0,30.0,20.0,30.0,6.0,7.5,25.0,35.0,50.0,70.0,800.0,1500.0,40.0,50.0,year_round
Aloe Vera (Medic),sandy,40.0,50.0,40.0,50.0,40.0,50.0,7.0,8.5,25.0,40.0,30.0,40.0,300.0,500.0,20.0,30.0,year_round
Cassia Senna,sandy,40.0,50.0,20.0,30.0,20.0,30.0,7.0,8.5,25.0,40.0,30.0,40.0,300.0,500.0,20.0,30.0,kharif
Cassia Alata,sandy_loam,20.0,30.0,20.0,30.0,20.0,30.0,5.5,7.5,25.0,35.0,50.0,70.0,600.0,1200.0,40.0,60.0,year_round
Cassia Fistula,loamy,40.0,60.0,30.0,40.0,30.0,40.0,6.0,7.5,25.0,40.0,50.0,70.0,800.0,1500.0,40.0,60.0,long_term
Terminalia Bel.,loamy,30.0,40.0,20.0,30.0,20.0,30.0,6.0,7.5,25.0,35.0,50.0,70.0,800.0,1500.0,40.0,50.0,long_term
Terminalia Che.,rocky/dry,30.0,40.0,20.0,30.0,20.0,30.0,6.0,7.5,25.0,40.0,40.0,60.0,600.0,1000.0,30.0,40.0,long_term
Phyllanthus Emb.,clay,50.0,70.0,30.0,40.0,40.0,50.0,6.5,8.0,25.0,35.0,40.0,50.0,600.0,800.0,30.0,40.0,long_term
Phyllanthus Am.,sandy_loam,20.0,30.0,20.0,30.0,20.0,30.0,6.0,7.5,25.0,35.0,50.0,70.0,500.0,1000.0,40.0,50.0,kharif
Eclipta Prostr.,clay_loam,30.0,40.0,20.0,30.0,20.0,30.0,6.0,7.5,25.0,35.0,70.0,80.0,1000.0,1500.0,60.0,80.0,year_round
Centella Asiat.,loamy,40.0,60.0,20.0,30.0,20.0,30.0,5.5,7.0,25.0,35.0,70.0,90.0,1000.0,2000.0,70.0,90.0,year_round
Bacopa Monnieri,peaty,30.0,40.0,20.0,30.0,20.0,30.0,5.5,7.0,25.0,35.0,80.0,100.0,600.0,1000.0,80.0,100.0,year_round
Indigofera Tin.,red_laterite,20.0,30.0,40.0,50.0,20.0,30.0,6.0,7.5,25.0,35.0,50.0,70.0,600.0,1000.0,40.0,50.0,kharif
Tephrosia Purp.,sandy_loam,10.0,20.0,20.0,30.0,10.0,20.0,6.0,8.0,25.0,40.0,30.0,50.0,400.0,800.0,20.0,40.0,kharif
Justicia Adhat.,sandy,20.0,30.0,20.0,30.0,20.0,30.0,6.0,7.5,25.0,35.0,50.0,70.0,600.0,1200.0,40.0,50.0,year_round
Boerhavia Diff.,sandy,10.0,20.0,10.0,20.0,10.0,20.0,6.0,8.0,25.0,40.0,40.0,60.0,400.0,800.0,30.0,50.0,year_round
Cardiospermum,sandy_loam,20.0,30.0,20.0,30.0,20.0,30.0,6.0,7.5,25.0,35.0,50.0,70.0,500.0,800.0,40.0,50.0,kharif
Solanum Trilo.,sandy_loam,40.0,50.0,30.0,40.0,30.0,40.0,6.0,7.5,25.0,35.0,50.0,70.0,500.0,800.0,40.0,50.0,perennial
Solanum Nigrum,loamy,50.0,60.0,30.0,40.0,30.0,40.0,6.0,7.0,25.0,35.0,50.0,70.0,500.0,800.0,50.0,60.0,year_round
Solanum Suratt.,sandy_loam,30.0,40.0,20.0,30.0,20.0,30.0,6.5,8.0,25.0,40.0,40.0,60.0,400.0,800.0,30.0,50.0,kharif
Acorus Calamus,clay_loam,40.0,50.0,30.0,40.0,30.0,40.0,5.5,7.0,20.0,30.0,80.0,90.0,1500.0,2500.0,80.0,90.0,kharif
Plectranthus Am,loamy,40.0,50.0,30.0,40.0,30.0,40.0,6.0,7.5,25.0,35.0,60.0,70.0,800.0,1200.0,50.0,60.0,year_round
Vitex Negundo,sandy_loam,20.0,30.0,20.0,30.0,20.0,30.0,6.0,7.5,25.0,35.0,50.0,70.0,600.0,1200.0,40.0,60.0,year_round
Aegle Marmelos,sandy_loam,50.0,60.0,30.0,40.0,30.0,40.0,6.0,8.0,25.0,40.0,40.0,60.0,500.0,800.0,30.0,40.0,long_term
Ferula Assa-foe,sandy_loam,20.0,30.0,10.0,20.0,20.0,30.0,6.5,8.0,15.0,30.0,30.0,50.0,200.0,500.0,20.0,40.0,hills/winter
Nardostachys,loamy,30.0,40.0,20.0,30.0,30.0,40.0,6.0,7.0,10.0,20.0,60.0,80.0,1000.0,1500.0,60.0,80.0,hills
Picrorhiza Kur.,loamy,20.0,30.0,20.0,30.0,20.0,30.0,6.0,7.0,10.0,20.0,60.0,80.0,1000.0,1500.0,60.0,80.0,hills
Swertia Chiray.,sandy_loam,20.0,30.0,20.0,30.0,20.0,30.0,6.0,7.5,15.0,25.0,60.0,80.0,800.0,1200.0,50.0,70.0,hills
Tribulus Terre.,sandy,10.0,20.0,10.0,20.0,10.0,20.0,6.5,8.5,25.0,45.0,30.0,50.0,200.0,600.0,20.0,40.0,kharif
Pedalium Murex,sandy,10.0,20.0,10.0,20.0,10.0,20.0,6.5,8.5,25.0,40.0,30.0,50.0,300.0,600.0,20.0,40.0,kharif
Mucuna Pruriens,sandy_loam,10.0,20.0,20.0,30.0,10.0,20.0,5.5,7.0,25.0,35.0,60.0,80.0,1000.0,2000.0,50.0,70.0,kharif
Cissus Repens,sandy_loam,20.0,30.0,20.0,30.0,20.0,30.0,6.0,7.5,25.0,35.0,50.0,70.0,800.0,1200.0,40.0,60.0,year_round
Tylophora Ind.,sandy_loam,20.0,30.0,20.0,30.0,20.0,30.0,6.0,7.5,25.0,35.0,60.0,80.0,800.0,1500.0,50.0,70.0,year_round
Carica Papaya,sandy_loam,200.0,250.0,200.0,250.0,200.0,250.0,6.0,6.5,25.0,30.0,60.0,70.0,1000.0,1500.0,50.0,60.0,year_round
Psidium Guaj.,loamy,100.0,150.0,50.0,100.0,100.0,150.0,4.5,8.2,20.0,30.0,50.0,70.0,1000.0,1500.0,40.0,50.0,year_round
Punica Grana.,sandy_loam,100.0,150.0,50.0,75.0,50.0,75.0,6.5,8.0,25.0,35.0,40.0,50.0,500.0,800.0,30.0,40.0,year_round
Citrus Limon,loamy,150.0,200.0,50.0,70.0,100.0,150.0,5.5,7.0,20.0,30.0,50.0,60.0,700.0,1200.0,40.0,50.0,year_round
Citrus Reticu.,loamy,150.0,200.0,50.0,70.0,100.0,150.0,6.0,7.5,15.0,30.0,50.0,60.0,800.0,1200.0,40.0,50.0,hills/winter
Vitis Vinifera,loamy,150.0,200.0,100.0,150.0,150.0,200.0,6.5,7.5,15.0,40.0,40.0,60.0,500.0,900.0,40.0,50.0,summer
Ananas Comos.,red_laterite,150.0,200.0,50.0,70.0,150.0,200.0,5.0,6.0,22.0,32.0,70.0,80.0,1500.0,2500.0,60.0,70.0,year_round
Musa Paradisi.,clay_loam,200.0,250.0,40.0,50.0,250.0,300.0,6.5,7.5,25.0,35.0,75.0,85.0,1500.0,2500.0,70.0,80.0,year_round
Musa Sapient.,clay_loam,200.0,250.0,40.0,50.0,250.0,300.0,6.5,7.5,25.0,35.0,75.0,85.0,1500.0,2500.0,70.0,80.0,year_round
Musa Caven.,clay_loam,200.0,250.0,40.0,50.0,250.0,300.0,6.5,7.5,25.0,35.0,75.0,85.0,1500.0,2500.0,70.0,80.0,year_round
Mangifera In.,red_laterite,75.0,100.0,20.0,30.0,75.0,100.0,5.5,7.5,24.0,30.0,50.0,80.0,700.0,2500.0,40.0,50.0,summer
Mangifera In.,red_laterite,75.0,100.0,20.0,30.0,75.0,100.0,5.5,7.5,24.0,30.0,50.0,80.0,700.0,2500.0,40.0,50.0,summer
Mangifera In.,red_laterite,75.0,100.0,20.0,30.0,75.0,100.0,5.5,7.5,24.0,30.0,50.0,80.0,700.0,2500.0,40.0,50.0,summer
Achras Zapota,sandy_loam,150.0,200.0,50.0,100.0,100.0,150.0,6.0,8.0,25.0,35.0,50.0,70.0,1000.0,1500.0,40.0,50.0,year_round
Ziziphus Maur.,sandy_loam,30.0,50.0,20.0,30.0,30.0,40.0,6.0,8.0,25.0,45.0,30.0,50.0,300.0,600.0,20.0,30.0,winter
Feronia Limon.,sandy,30.0,50.0,20.0,30.0,30.0,40.0,6.0,7.5,25.0,40.0,40.0,60.0,500.0,1000.0,30.0,40.0,summer
Aegle Marmel.,sandy_loam,50.0,60.0,30.0,40.0,30.0,40.0,6.0,8.0,25.0,40.0,40.0,60.0,500.0,800.0,30.0,40.0,summer
Syzygium Cum.,loamy,80.0,100.0,40.0,50.0,40.0,50.0,6.0,7.5,25.0,35.0,50.0,70.0,800.0,1500.0,40.0,50.0,summer
Annona Squa.,sandy,50.0,70.0,30.0,40.0,30.0,40.0,6.0,8.0,25.0,35.0,40.0,60.0,500.0,800.0,30.0,40.0,late_sum
Annona Retic.,sandy,50.0,70.0,30.0,40.0,30.0,40.0,6.0,8.0,25.0,35.0,40.0,60.0,500.0,800.0,30.0,40.0,summer
Annona Muric.,loamy,60.0,80.0,40.0,50.0,40.0,50.0,6.0,7.5,25.0,30.0,60.0,80.0,1500.0,2500.0,60.0,70.0,year_round
Ficus Carica,clay_loam,80.0,100.0,40.0,50.0,60.0,80.0,6.0,7.0,25.0,35.0,40.0,50.0,500.0,700.0,40.0,50.0,summer
Morus Alba,loamy,80.0,100.0,40.0,50.0,80.0,100.0,6.0,7.0,20.0,30.0,60.0,80.0,800.0,1200.0,50.0,60.0,year_round
Morus Nigra,loamy,80.0,100.0,40.0,50.0,80.0,100.0,6.0,7.0,20.0,30.0,60.0,80.0,800.0,1200.0,50.0,60.0,year_round
Fragaria Ves.,sandy_loam,60.0,80.0,40.0,60.0,60.0,80.0,5.5,6.5,15.0,25.0,60.0,80.0,800.0,1200.0,60.0,70.0,hills
Pyrus Communis,loamy,100.0,150.0,50.0,75.0,100.0,150.0,6.0,7.0,15.0,25.0,60.0,70.0,1000.0,1200.0,50.0,60.0,hills
Prunus Per.,loamy,80.0,100.0,40.0,50.0,80.0,100.0,6.0,6.5,15.0,28.0,50.0,60.0,800.0,1200.0,50.0,60.0,hills
Prunus Dome.,sandy_loam,80.0,100.0,40.0,50.0,80.0,100.0,5.5,6.5,15.0,25.0,50.0,60.0,800.0,1200.0,50.0,60.0,hills
Malus Domes.,clay_loam,100.0,150.0,50.0,75.0,100.0,150.0,5.8,6.5,15.0,24.0,60.0,70.0,1000.0,1500.0,50.0,60.0,hills
Juglans Regia,loamy,50.0,70.0,30.0,40.0,40.0,50.0,6.0,7.0,15.0,25.0,60.0,70.0,1000.0,1500.0,50.0,60.0,hills
Castanea Sat.,loamy,60.0,80.0,40.0,50.0,60.0,80.0,5.5,6.5,15.0,25.0,60.0,70.0,1000.0,1500.0,50.0,60.0,hills
Corylus Avel.,loamy,50.0,70.0,30.0,40.0,50.0,70.0,6.0,7.0,15.0,25.0,60.0,70.0,800.0,1200.0,50.0,60.0,hills
Pistacia Vera,sandy_loam,40.0,60.0,30.0,40.0,40.0,60.0,7.0,8.0,20.0,35.0,30.0,50.0,300.0,600.0,30.0,40.0,hills/dry
Prunus Dulcis,loamy,60.0,80.0,40.0,50.0,60.0,80.0,6.0,7.0,15.0,30.0,40.0,60.0,500.0,800.0,40.0,50.0,hills/dry
Anacardium O.,red_laterite,250.0,500.0,125.0,250.0,125.0,250.0,5.0,6.5,25.0,35.0,60.0,70.0,1000.0,2000.0,40.0,50.0,year_round
Artocarpus H.,loamy,100.0,150.0,50.0,70.0,50.0,100.0,6.0,7.5,25.0,35.0,60.0,80.0,1500.0,2000.0,50.0,60.0,summer
Artocarpus C.,clay_loam,80.0,100.0,40.0,50.0,80.0,100.0,6.0,7.5,25.0,35.0,70.0,80.0,1500.0,2500.0,60.0,70.0,summer
Averrhoa Car.,loamy,50.0,70.0,30.0,40.0,40.0,50.0,5.5,6.5,20.0,30.0,60.0,80.0,1000.0,2000.0,50.0,60.0,year_round
Averrhoa Bil.,clay_loam,40.0,60.0,20.0,30.0,30.0,40.0,5.5,6.5,25.0,35.0,70.0,80.0,1500.0,2500.0,60.0,70.0,year_round
Garcinia Ind.,laterite,60.0,80.0,40.0,50.0,60.0,80.0,5.5,6.5,25.0,35.0,70.0,90.0,2000.0,3000.0,60.0,80.0,summer
Garcinia Cam.,laterite,60.0,80.0,40.0,50.0,60.0,80.0,5.5,6.5,25.0,35.0,70.0,90.0,2000.0,3000.0,60.0,80.0,summer
Garcinia Man.,red_laterite,80.0,100.0,40.0,60.0,80.0,100.0,5.5,6.5,25.0,35.0,80.0,90.0,2000.0,3000.0,70.0,80.0,summer
Nephelium L.,loamy,80.0,100.0,40.0,60.0,80.0,100.0,5.5,6.5,25.0,32.0,80.0,90.0,2000.0,3000.0,70.0,80.0,summer
Litchi Chin.,loamy,100.0,120.0,50.0,60.0,100.0,120.0,6.0,7.0,15.0,30.0,60.0,80.0,1200.0,1500.0,50.0,60.0,summer
Dimocarpus L.,sandy_loam,80.0,100.0,40.0,60.0,80.0,100.0,5.5,6.5,20.0,30.0,70.0,80.0,1500.0,2000.0,60.0,70.0,summer
Durio Zibeth.,clay_loam,100.0,150.0,60.0,80.0,100.0,150.0,5.5,6.5,24.0,30.0,80.0,90.0,2000.0,3000.0,70.0,80.0,summer
Diospyros Ka.,loamy,60.0,80.0,30.0,40.0,60.0,80.0,6.0,7.0,15.0,25.0,60.0,70.0,1000.0,1500.0,50.0,60.0,hills/winter
Eriobotrya J.,loamy,60.0,80.0,30.0,40.0,60.0,80.0,6.0,7.0,15.0,25.0,60.0,70.0,800.0,1200.0,50.0,60.0,hills/winter
Fortunella,sandy_loam,80.0,100.0,40.0,50.0,80.0,100.0,6.0,7.0,15.0,30.0,50.0,70.0,800.0,1200.0,40.0,50.0,winter
Citrus Maxima,loamy,100.0,120.0,50.0,60.0,100.0,120.0,6.0,7.0,20.0,30.0,60.0,80.0,1000.0,1500.0,50.0,60.0,winter
Solanum Mel.,loamy,100.0,120.0,50.0,60.0,50.0,60.0,5.5,6.8,25.0,32.0,60.0,70.0,500.0,700.0,50.0,60.0,kharif/rabi
Solanum Mel.,loamy,100.0,120.0,50.0,60.0,50.0,60.0,5.5,6.8,25.0,32.0,60.0,70.0,500.0,700.0,50.0,60.0,kharif/rabi
Lycopersicon,loamy,100.0,150.0,60.0,80.0,80.0,100.0,6.0,7.0,21.0,28.0,60.0,70.0,600.0,800.0,50.0,60.0,year_round
Lycopersicon,loamy,100.0,150.0,60.0,80.0,80.0,100.0,6.0,7.0,21.0,28.0,60.0,70.0,600.0,800.0,50.0,60.0,year_round
Capsicum Ann.,black,120.0,150.0,60.0,80.0,60.0,80.0,6.0,7.0,20.0,30.0,50.0,65.0,600.0,800.0,40.0,50.0,kharif/rabi
Capsicum Ann.,black,120.0,150.0,60.0,80.0,60.0,80.0,6.0,7.0,20.0,30.0,50.0,65.0,600.0,800.0,40.0,50.0,kharif/rabi
Abelmoschus,loamy,80.0,100.0,40.0,60.0,40.0,60.0,6.0,6.8,22.0,35.0,60.0,70.0,500.0,700.0,50.0,60.0,kharif/zaid
Allium Cepa,sandy_loam,80.0,100.0,40.0,50.0,50.0,60.0,6.5,7.0,15.0,25.0,50.0,70.0,350.0,500.0,40.0,50.0,rabi
Allium Cepa,sandy_loam,80.0,100.0,40.0,50.0,50.0,60.0,6.5,7.0,15.0,25.0,50.0,70.0,350.0,500.0,40.0,50.0,rabi
Allium Sativ.,sandy_loam,80.0,100.0,40.0,50.0,40.0,50.0,6.0,7.0,15.0,25.0,50.0,60.0,400.0,600.0,45.0,55.0,rabi
Brassica O.C.,clay_loam,120.0,150.0,60.0,80.0,60.0,80.0,6.0,6.5,15.0,20.0,60.0,80.0,400.0,600.0,55.0,65.0,rabi
Brassica O.C.,clay_loam,120.0,150.0,60.0,80.0,60.0,80.0,6.0,6.5,15.0,20.0,60.0,80.0,400.0,600.0,55.0,65.0,rabi
Brassica O.B.,clay_loam,120.0,150.0,60.0,80.0,60.0,80.0,5.5,6.6,15.0,20.0,60.0,80.0,400.0,600.0,55.0,65.0,rabi
Daucus Carota,sandy_loam,80.0,100.0,40.0,60.0,80.0,100.0,5.5,7.0,15.0,20.0,50.0,70.0,400.0,600.0,50.0,60.0,rabi
Beta Vulgaris,loamy,80.0,100.0,50.0,70.0,80.0,100.0,6.0,7.5,15.0,22.0,50.0,70.0,400.0,600.0,50.0,60.0,rabi
Raphanus Sat.,sandy_loam,60.0,80.0,40.0,50.0,40.0,50.0,5.5,6.8,15.0,25.0,50.0,70.0,400.0,500.0,50.0,60.0,rabi
Raphanus Sat.,sandy_loam,60.0,80.0,40.0,50.0,40.0,50.0,5.5,6.8,15.0,25.0,50.0,70.0,400.0,500.0,50.0,60.0,rabi
Brassica Rapa,clay,80.0,100.0,50.0,60.0,50.0,60.0,6.0,7.0,15.0,25.0,60.0,70.0,500.0,700.0,50.0,60.0,rabi
Solanum Tuber,sandy_loam,120.0,150.0,80.0,100.0,100.0,120.0,5.0,6.5,15.0,25.0,60.0,80.0,500.0,700.0,55.0,65.0,rabi
Ipomoea Batat,sandy_loam,60.0,80.0,40.0,60.0,80.0,100.0,5.5,6.5,21.0,27.0,60.0,70.0,700.0,1000.0,50.0,60.0,kharif
Manihot Escu.,sandy_loam,75.0,90.0,40.0,50.0,100.0,120.0,5.5,6.5,25.0,30.0,60.0,80.0,1000.0,1500.0,50.0,60.0,year_round
Amorphophal.,loamy,80.0,100.0,60.0,80.0,100.0,120.0,5.5,7.0,25.0,30.0,70.0,80.0,1000.0,1500.0,60.0,70.0,kharif
Colocasia Esc,clay_loam,80.0,100.0,40.0,60.0,80.0,100.0,5.5,7.0,25.0,30.0,70.0,80.0,1000.0,1500.0,70.0,90.0,kharif
Dioscorea Al.,loamy,80.0,100.0,60.0,80.0,100.0,120.0,5.5,7.0,25.0,30.0,70.0,80.0,1000.0,1500.0,60.0,70.0,kharif
Dioscorea Es.,sandy_loam,60.0,80.0,40.0,60.0,80.0,100.0,5.5,6.5,25.0,32.0,60.0,70.0,800.0,1200.0,50.0,60.0,kharif
Maranta Arun.,sandy_loam,40.0,50.0,30.0,40.0,60.0,80.0,5.5,6.5,25.0,30.0,70.0,80.0,1500.0,2000.0,60.0,70.0,kharif
Coleus Rotun.,sandy,40.0,60.0,40.0,50.0,60.0,80.0,6.0,7.0,25.0,35.0,60.0,70.0,800.0,1000.0,50.0,60.0,kharif
Sechium Edule,loamy,80.0,100.0,40.0,60.0,60.0,80.0,5.5,6.5,15.0,25.0,70.0,80.0,1000.0,1500.0,60.0,70.0,hills
Luffa Acutan.,loamy,80.0,100.0,40.0,50.0,40.0,50.0,6.5,7.0,25.0,35.0,60.0,70.0,500.0,700.0,50.0,60.0,kharif/zaid
Luffa Cylind.,loamy,80.0,100.0,40.0,50.0,40.0,50.0,6.5,7.0,25.0,35.0,60.0,70.0,500.0,700.0,50.0,60.0,kharif/zaid
Momordica C.,sandy_loam,80.0,100.0,40.0,60.0,40.0,60.0,6.0,7.0,25.0,35.0,60.0,70.0,500.0,700.0,50.0,60.0,kharif/zaid
Momordica D.,sandy_loam,60.0,80.0,30.0,40.0,40.0,60.0,6.0,7.0,25.0,35.0,60.0,80.0,800.0,1200.0,50.0,60.0,kharif
Trichosanthe,sandy_loam,80.0,100.0,40.0,50.0,40.0,50.0,6.5,7.5,25.0,35.0,60.0,70.0,500.0,700.0,50.0,60.0,kharif/zaid
Trichosanthe,sandy_loam,80.0,100.0,40.0,60.0,40.0,60.0,6.0,7.0,25.0,35.0,60.0,80.0,1000.0,1500.0,50.0,60.0,sum/rainy
Coccinia Gra.,loamy,60.0,80.0,30.0,40.0,40.0,60.0,6.0,7.0,25.0,35.0,60.0,80.0,600.0,1000.0,50.0,60.0,year_round
Cucurbita Max,sandy_loam,80.0,100.0,40.0,60.0,40.0,60.0,6.0,7.0,25.0,30.0,50.0,60.0,500.0,700.0,50.0,60.0,kharif/zaid
Benincasa His,sandy_loam,80.0,100.0,40.0,50.0,40.0,50.0,6.0,7.0,25.0,35.0,50.0,60.0,500.0,700.0,50.0,60.0,kharif/zaid
Lagenaria Si.,sandy_loam,80.0,100.0,40.0,60.0,40.0,60.0,6.5,7.5,25.0,35.0,60.0,70.0,500.0,700.0,50.0,60.0,kharif/zaid
Cucumis Sat.,sandy_loam,60.0,80.0,40.0,50.0,40.0,50.0,6.0,7.0,20.0,30.0,60.0,70.0,400.0,600.0,50.0,60.0,kharif/zaid
Cucumis Melo,sandy_loam,60.0,80.0,40.0,50.0,40.0,50.0,6.0,7.0,25.0,35.0,40.0,50.0,300.0,500.0,40.0,50.0,zaid/sum
Citrullus La.,sandy_loam,80.0,100.0,40.0,60.0,40.0,60.0,6.0,7.0,25.0,35.0,40.0,50.0,400.0,600.0,40.0,50.0,zaid/sum
Canavalia Gl.,sandy_loam,10.0,20.0,30.0,40.0,20.0,30.0,5.5,7.5,25.0,35.0,50.0,60.0,600.0,1000.0,40.0,50.0,kharif
Canavalia En.,clay_loam,20.0,30.0,40.0,50.0,20.0,30.0,5.5,7.5,25.0,35.0,50.0,70.0,600.0,1000.0,40.0,50.0,kharif
Psophocarpus,loamy,20.0,30.0,40.0,50.0,30.0,40.0,5.5,6.5,25.0,30.0,70.0,80.0,1500.0,2000.0,60.0,70.0,kharif
Vigna Ung. S.,sandy,20.0,30.0,40.0,50.0,20.0,30.0,5.5,7.5,25.0,35.0,60.0,70.0,600.0,1000.0,50.0,60.0,kharif/zaid
Spinacia Ole.,loamy,80.0,100.0,40.0,60.0,40.0,60.0,6.0,7.0,15.0,20.0,60.0,80.0,400.0,500.0,60.0,70.0,rabi
Amaranthus V.,sandy_loam,60.0,80.0,30.0,40.0,30.0,40.0,5.5,7.5,25.0,35.0,50.0,70.0,400.0,600.0,50.0,60.0,year_round
Amaranthus T.,sandy_loam,60.0,80.0,30.0,40.0,30.0,40.0,5.5,7.5,25.0,35.0,50.0,70.0,400.0,600.0,50.0,60.0,year_round
Amaranthus D.,sandy_loam,60.0,80.0,30.0,40.0,30.0,40.0,5.5,7.5,25.0,35.0,50.0,70.0,400.0,600.0,50.0,60.0,year_round
Amaranthus H.,sandy_loam,80.0,100.0,40.0,50.0,40.0,50.0,5.5,7.5,25.0,35.0,50.0,70.0,400.0,600.0,50.0,60.0,year_round
Basella Alba,loamy,60.0,80.0,30.0,40.0,40.0,50.0,6.0,7.0,25.0,35.0,70.0,80.0,1000.0,1500.0,60.0,70.0,kharif/zaid
Alternanthera,clay_loam,60.0,80.0,30.0,40.0,30.0,40.0,6.0,7.5,25.0,35.0,60.0,80.0,600.0,1000.0,60.0,80.0,year_round
Hibiscus Sab.,sandy_loam,40.0,60.0,20.0,30.0,20.0,30.0,6.0,7.5,25.0,35.0,50.0,70.0,600.0,1000.0,40.0,50.0,kharif
Trigonella F.,clay,20.0,30.0,40.0,50.0,20.0,30.0,6.0,7.0,15.0,25.0,50.0,60.0,300.0,400.0,40.0,50.0,rabi
Coriandrum S.,loamy,30.0,40.0,30.0,40.0,20.0,30.0,6.0,7.0,15.0,25.0,50.0,60.0,400.0,500.0,40.0,50.0,rabi
Mentha Arvens,loamy,80.0,100.0,40.0,50.0,40.0,50.0,6.0,7.0,20.0,30.0,60.0,80.0,800.0,1000.0,60.0,70.0,year_round
Sesbania Gran,loamy,20.0,30.0,30.0,40.0,30.0,40.0,6.0,7.5,25.0,35.0,60.0,70.0,800.0,1500.0,50.0,60.0,year_round
Moringa Olei.,sandy,50.0,80.0,30.0,40.0,30.0,40.0,6.0,7.5,25.0,35.0,50.0,70.0,500.0,1000.0,40.0,50.0,year_round
Oryza Sativa,clay,120.0,150.0,40.0,60.0,40.0,60.0,5.5,6.5,25.0,35.0,60.0,80.0,1000.0,1500.0,80.0,100.0,kharif
Oryza Sativa,clay,120.0,150.0,40.0,60.0,40.0,60.0,5.5,6.5,25.0,35.0,60.0,80.0,1000.0,1500.0,80.0,100.0,rabi
Triticum Aes.,clay_loam,100.0,120.0,40.0,60.0,40.0,60.0,6.0,7.0,15.0,25.0,40.0,60.0,500.0,700.0,40.0,50.0,rabi
Zea Mays,loamy,120.0,150.0,60.0,80.0,40.0,60.0,5.8,7.0,21.0,27.0,55.0,75.0,500.0,800.0,50.0,60.0,kharif/rabi
Sorghum Bico.,black,60.0,90.0,30.0,40.0,30.0,40.0,6.0,8.5,25.0,32.0,40.0,60.0,400.0,600.0,30.0,40.0,kharif/rabi
Pennisetum G.,sandy,40.0,60.0,20.0,30.0,20.0,30.0,6.5,8.0,25.0,35.0,40.0,50.0,400.0,600.0,30.0,40.0,kharif
Eleusine Cor.,red_laterite,40.0,60.0,20.0,30.0,20.0,30.0,5.0,8.2,20.0,30.0,50.0,70.0,500.0,700.0,40.0,50.0,kharif/rabi
Setaria Ital.,sandy_loam,40.0,50.0,20.0,30.0,15.0,20.0,5.5,7.5,25.0,30.0,40.0,60.0,300.0,500.0,30.0,40.0,kharif
Paspalum Scro,sandy_loam,20.0,40.0,15.0,20.0,15.0,20.0,5.5,7.0,25.0,30.0,40.0,50.0,400.0,500.0,30.0,40.0,kharif
Echinochloa,sandy_loam,30.0,40.0,15.0,20.0,15.0,20.0,5.5,7.5,20.0,25.0,50.0,60.0,400.0,600.0,35.0,45.0,kharif
Panicum Sum.,sandy_loam,20.0,30.0,15.0,20.0,15.0,20.0,5.0,7.5,25.0,35.0,40.0,50.0,300.0,400.0,30.0,40.0,kharif
Saccharum Of.,clay_loam,250.0,300.0,75.0,100.0,100.0,150.0,6.5,7.5,27.0,38.0,70.0,85.0,1500.0,2500.0,60.0,70.0,annual
Gossypium B.,black,80.0,120.0,40.0,60.0,40.0,60.0,5.8,8.0,21.0,30.0,50.0,70.0,500.0,700.0,40.0,50.0,kharif
Corchorus O.,clay_loam,60.0,80.0,30.0,40.0,30.0,40.0,6.0,7.5,24.0,35.0,70.0,90.0,1500.0,2000.0,70.0,80.0,kharif
Helianthus A.,black,60.0,80.0,40.0,60.0,40.0,60.0,6.5,8.0,20.0,30.0,50.0,60.0,500.0,700.0,40.0,50.0,kharif/rabi
Carthamus T.,black,40.0,60.0,20.0,30.0,20.0,30.0,6.5,7.5,15.0,25.0,40.0,50.0,300.0,450.0,30.0,40.0,rabi
Sesamum Ind.,sandy_loam,30.0,40.0,20.0,30.0,20.0,30.0,5.5,8.0,25.0,35.0,50.0,60.0,400.0,600.0,30.0,40.0,kharif/zaid
Ricinus Com.,loamy,40.0,60.0,30.0,40.0,20.0,30.0,5.0,6.5,20.0,30.0,40.0,60.0,500.0,700.0,40.0,50.0,kharif
Linum Usita.,clay_loam,40.0,50.0,20.0,30.0,20.0,30.0,5.0,7.0,15.0,25.0,40.0,50.0,450.0,600.0,35.0,45.0,rabi
Brassica Jun.,sandy_loam,60.0,80.0,30.0,40.0,30.0,40.0,6.0,7.5,15.0,25.0,40.0,60.0,300.0,450.0,30.0,40.0,rabi
Arachis Hyp.,sandy_loam,20.0,30.0,40.0,60.0,60.0,80.0,6.0,6.5,25.0,30.0,50.0,70.0,500.0,700.0,40.0,50.0,kharif/rabi
Glycine Max,loamy,20.0,30.0,60.0,80.0,40.0,60.0,6.0,6.5,20.0,30.0,50.0,70.0,600.0,800.0,45.0,55.0,kharif
Cajanus Cajan,loamy,20.0,30.0,40.0,50.0,20.0,30.0,6.0,7.5,20.0,30.0,50.0,60.0,600.0,800.0,40.0,50.0,kharif
Vigna Radia.,loamy,15.0,20.0,30.0,40.0,15.0,20.0,6.5,7.5,25.0,35.0,50.0,60.0,400.0,600.0,35.0,45.0,kharif/zaid
Vigna Mungo,black,20.0,25.0,40.0,50.0,20.0,30.0,5.5,7.5,25.0,35.0,60.0,70.0,400.0,600.0,30.0,40.0,kharif/rabi
Cicer Ariet.,black,15.0,20.0,30.0,40.0,15.0,20.0,6.0,7.0,15.0,25.0,40.0,50.0,300.0,450.0,30.0,40.0,rabi
Vigna Ungui.,sandy_loam,15.0,20.0,30.0,40.0,15.0,20.0,5.5,6.5,20.0,30.0,50.0,60.0,400.0,600.0,40.0,50.0,kharif/zaid
Macrotyloma,sandy_loam,10.0,15.0,20.0,30.0,10.0,15.0,5.0,7.5,25.0,30.0,40.0,50.0,300.0,400.0,30.0,40.0,kharif/rabi
Lablab Purp.,clay_loam,20.0,30.0,50.0,60.0,40.0,50.0,6.0,7.0,20.0,30.0,60.0,70.0,600.0,900.0,50.0,60.0,kharif/rabi
Cyamopsis T.,sandy_loam,20.0,30.0,40.0,50.0,20.0,30.0,7.0,8.0,25.0,35.0,40.0,50.0,300.0,400.0,30.0,40.0,kharif
Phaseolus V.,loamy,40.0,50.0,60.0,80.0,40.0,50.0,5.5,6.5,15.0,25.0,60.0,70.0,500.0,700.0,50.0,60.0,kharif/rabi
Pisum Sativ.,loamy,20.0,30.0,50.0,60.0,40.0,50.0,6.0,7.5,15.0,20.0,50.0,60.0,400.0,600.0,40.0,50.0,rabi
Zingiber Of.,loamy,75.0,100.0,50.0,75.0,50.0,75.0,5.5,6.5,25.0,30.0,70.0,90.0,1500.0,2000.0,60.0,70.0,kharif
Curcuma Lon.,loamy,120.0,150.0,50.0,60.0,90.0,120.0,4.5,7.5,20.0,35.0,70.0,90.0,1500.0,2200.0,60.0,70.0,kharif
Piper Nigrum,red_laterite,100.0,120.0,40.0,50.0,120.0,140.0,5.5,6.5,20.0,30.0,70.0,90.0,2000.0,3000.0,70.0,80.0,year_round
Elettaria C.,peaty,75.0,100.0,75.0,100.0,150.0,200.0,5.0,6.5,15.0,25.0,75.0,90.0,1500.0,4000.0,70.0,80.0,year_round
Syzygium Ar.,clay_loam,200.0,250.0,200.0,250.0,400.0,500.0,5.5,7.0,20.0,30.0,70.0,80.0,1500.0,2500.0,60.0,70.0,year_round
Myristica F.,clay_loam,200.0,250.0,100.0,150.0,200.0,250.0,6.0,7.0,20.0,30.0,70.0,80.0,1500.0,2500.0,60.0,70.0,year_round
Cinnamomum V,red_laterite,200.0,250.0,100.0,150.0,100.0,150.0,5.0,6.5,20.0,30.0,70.0,80.0,1500.0,2500.0,60.0,70.0,year_round
Cuminum Cym.,sandy_loam,30.0,40.0,20.0,30.0,15.0,20.0,7.0,8.0,15.0,25.0,40.0,50.0,200.0,300.0,30.0,40.0,rabi
Foeniculum V,loamy,60.0,80.0,40.0,50.0,40.0,50.0,6.5,8.0,15.0,25.0,40.0,50.0,300.0,500.0,30.0,40.0,rabi
Brassica Jun,loamy,60.0,80.0,30.0,40.0,30.0,40.0,6.0,7.5,15.0,25.0,40.0,50.0,300.0,450.0,30.0,40.0,rabi
Jasminum S.,sandy_loam,100.0,120.0,100.0,120.0,100.0,120.0,6.0,7.0,25.0,35.0,60.0,70.0,800.0,1000.0,50.0,60.0,year_round
Jasminum A.,sandy,100.0,120.0,100.0,120.0,100.0,120.0,6.0,7.0,25.0,35.0,60.0,70.0,800.0,1000.0,50.0,60.0,year_round
Jasminum G.,sandy,100.0,120.0,100.0,120.0,100.0,120.0,6.0,7.0,25.0,35.0,60.0,70.0,800.0,1000.0,50.0,60.0,year_round
Tagetes Er.,sandy_loam,80.0,100.0,80.0,100.0,80.0,100.0,6.5,7.5,15.0,30.0,50.0,60.0,500.0,700.0,40.0,50.0,year_round
Tagetes Pa.,sandy_loam,80.0,100.0,80.0,100.0,80.0,100.0,6.5,7.5,15.0,30.0,50.0,60.0,500.0,700.0,40.0,50.0,year_round
Rosa Hybrid,loamy,150.0,200.0,100.0,150.0,150.0,200.0,6.0,7.0,15.0,28.0,50.0,60.0,600.0,800.0,50.0,60.0,year_round
Rosa Hybrid,loamy,150.0,200.0,100.0,150.0,150.0,200.0,6.0,7.0,15.0,28.0,50.0,60.0,600.0,800.0,50.0,60.0,year_round
Chrysanthe.,sandy_loam,100.0,150.0,100.0,150.0,100.0,150.0,6.0,7.0,15.0,25.0,50.0,60.0,500.0,700.0,50.0,60.0,winter
Polianthes T,loamy,100.0,150.0,80.0,100.0,80.0,100.0,6.5,7.5,20.0,30.0,60.0,70.0,600.0,800.0,50.0,60.0,sum/rainy
Polianthes T,loamy,100.0,150.0,80.0,100.0,80.0,100.0,6.5,7.5,20.0,30.0,60.0,70.0,600.0,800.0,50.0,60.0,sum/rainy
Crossandra,sandy_loam,60.0,80.0,40.0,60.0,40.0,60.0,6.0,7.0,25.0,35.0,50.0,60.0,600.0,800.0,40.0,50.0,year_round
Hibiscus R.,loamy,80.0,100.0,40.0,60.0,60.0,80.0,6.0,7.0,25.0,35.0,60.0,80.0,1000.0,1500.0,50.0,60.0,year_round
Nerium Olea.,sandy_loam,40.0,60.0,30.0,40.0,30.0,40.0,6.5,8.0,25.0,40.0,40.0,60.0,500.0,1000.0,30.0,40.0,year_round
Nerium Olea.,sandy_loam,40.0,60.0,30.0,40.0,30.0,40.0,6.5,8.0,25.0,40.0,40.0,60.0,500.0,1000.0,30.0,40.0,year_round
Tabernaemon.,loamy,60.0,80.0,40.0,50.0,40.0,50.0,6.0,7.0,25.0,35.0,60.0,80.0,800.0,1500.0,50.0,60.0,year_round
Michelia Ch.,clay_loam,60.0,80.0,40.0,50.0,40.0,50.0,6.0,7.0,20.0,30.0,70.0,80.0,1500.0,2500.0,50.0,60.0,year_round
Mimusops El.,loamy,40.0,60.0,30.0,40.0,30.0,40.0,6.0,7.5,25.0,35.0,60.0,70.0,800.0,1500.0,40.0,50.0,year_round
Nelumbo Nuc.,silty,60.0,80.0,40.0,50.0,40.0,50.0,6.0,7.5,25.0,35.0,80.0,100.0,600.0,1000.0,100.0,100.0,year_round
Nelumbo Nuc.,silty,60.0,80.0,40.0,50.0,40.0,50.0,6.0,7.5,25.0,35.0,80.0,100.0,600.0,1000.0,100.0,100.0,year_round
Nymphaea N.,peaty,60.0,80.0,40.0,50.0,40.0,50.0,6.0,7.5,25.0,35.0,80.0,100.0,600.0,1000.0,100.0,100.0,year_round
Catharanthus,sandy_loam,40.0,50.0,20.0,30.0,20.0,30.0,6.0,7.0,25.0,35.0,50.0,60.0,800.0,1000.0,40.0,50.0,kharif
Catharanthus,sandy_loam,40.0,50.0,20.0,30.0,20.0,30.0,6.0,7.0,25.0,35.0,50.0,60.0,800.0,1000.0,40.0,50.0,kharif
Camellia Sin,red_laterite,100.0,150.0,40.0,50.0,60.0,80.0,4.5,5.5,15.0,25.0,70.0,90.0,2000.0,3000.0,70.0,80.0,year_round
Coffea Arab.,red_laterite,100.0,120.0,75.0,90.0,100.0,120.0,5.5,6.5,15.0,25.0,70.0,80.0,1500.0,2000.0,60.0,70.0,year_round
Coffea Cane.,red_laterite,100.0,120.0,75.0,90.0,100.0,120.0,5.5,6.5,20.0,30.0,70.0,80.0,1500.0,2500.0,60.0,70.0,year_round
Theobroma C.,clay_loam,100.0,120.0,40.0,50.0,100.0,120.0,6.0,7.0,25.0,30.0,80.0,90.0,1500.0,2000.0,70.0,80.0,year_round
Hevea Bras.,red_laterite,30.0,40.0,30.0,40.0,30.0,40.0,4.5,6.0,25.0,35.0,75.0,85.0,2000.0,3000.0,70.0,80.0,year_round
Cocos Nucif.,sandy,500.0,600.0,300.0,400.0,1000.0,1200.0,5.2,8.0,25.0,30.0,70.0,80.0,1500.0,2500.0,60.0,70.0,year_round
Cocos Nucif.,sandy,500.0,600.0,300.0,400.0,1000.0,1200.0,5.2,8.0,25.0,30.0,70.0,80.0,1500.0,2500.0,60.0,70.0,year_round
Areca Cat.,red_laterite,100.0,150.0,40.0,60.0,100.0,150.0,5.5,7.0,20.0,30.0,70.0,80.0,2000.0,3000.0,60.0,70.0,year_round
Elaeis Guin.,loamy,800.0,1000.0,400.0,500.0,1000.0,1200.0,5.5,7.0,25.0,35.0,75.0,85.0,2000.0,3000.0,70.0,80.0,year_round
Tectona Gr.,loamy,50.0,70.0,20.0,30.0,30.0,40.0,6.5,7.5,25.0,35.0,60.0,80.0,1200.0,2000.0,40.0,50.0,long_term
Azadirachta,sandy_loam,20.0,30.0,10.0,20.0,10.0,20.0,6.2,7.0,25.0,40.0,40.0,60.0,400.0,1000.0,30.0,40.0,long_term
Eucalyptus T,sandy_loam,50.0,70.0,30.0,40.0,30.0,40.0,5.5,6.5,20.0,35.0,50.0,60.0,800.0,1200.0,40.0,50.0,long_term
Bambusa Vulg,loamy,40.0,60.0,20.0,30.0,20.0,30.0,5.0,6.5,20.0,35.0,60.0,80.0,1200.0,2500.0,50.0,60.0,long_term
Bambusa Vulg,loamy,40.0,60.0,20.0,30.0,20.0,30.0,5.0,6.5,20.0,35.0,60.0,80.0,1200.0,2500.0,50.0,60.0,long_term
Santalum Alb,red_laterite,20.0,30.0,10.0,20.0,10.0,20.0,6.0,7.5,25.0,35.0,50.0,60.0,600.0,1200.0,30.0,40.0,long_term
Casuarina Eq,sandy,20.0,30.0,10.0,20.0,10.0,20.0,6.0,8.0,25.0,35.0,60.0,80.0,800.0,1500.0,40.0,50.0,long_term
Grevillea R.,loamy,30.0,40.0,20.0,30.0,20.0,30.0,5.5,6.5,15.0,25.0,60.0,80.0,1000.0,2000.0,50.0,60.0,long_term
Leucaena L.,sandy_loam,10.0,20.0,20.0,30.0,10.0,20.0,6.0,7.5,25.0,35.0,50.0,70.0,600.0,1000.0,40.0,50.0,long_term
Melia Dubia,red_laterite,40.0,50.0,20.0,30.0,20.0,30.0,5.5,7.0,25.0,35.0,50.0,70.0,800.0,1500.0,40.0,50.0,long_term
Tamarindus I,loamy,30.0,40.0,20.0,30.0,20.0,30.0,5.5,7.5,25.0,40.0,40.0,60.0,500.0,1500.0,30.0,40.0,long_term
Ficus Beng.,clay_loam,20.0,30.0,10.0,20.0,10.0,20.0,6.0,8.0,25.0,40.0,40.0,60.0,500.0,1500.0,30.0,40.0,long_term
Ficus Relig.,loamy,20.0,30.0,10.0,20.0,10.0,20.0,6.0,8.0,25.0,40.0,40.0,60.0,500.0,1500.0,30.0,40.0,long_term
Pterocarpus S,red_laterite,20.0,30.0,10.0,20.0,10.0,20.0,6.0,7.5,25.0,40.0,40.0,50.0,500.0,1000.0,20.0,30.0,long_term
Dalbergia La,loamy,30.0,40.0,20.0,30.0,20.0,30.0,5.5,7.0,20.0,35.0,60.0,80.0,1000.0,2500.0,40.0,50.0,long_term
Swietenia M.,clay_loam,40.0,50.0,20.0,30.0,20.0,30.0,6.0,7.5,20.0,30.0,60.0,80.0,1500.0,2500.0,50.0,60.0,long_term
Pennisetum P,loamy,150.0,200.0,40.0,60.0,40.0,60.0,6.0,7.5,25.0,35.0,60.0,80.0,1000.0,1500.0,60.0,70.0,year_round
Pennisetum P,loamy,150.0,200.0,40.0,60.0,40.0,60.0,6.0,7.5,25.0,35.0,60.0,80.0,1000.0,1500.0,60.0,70.0,year_round
Medicago Sat,loamy,20.0,30.0,80.0,100.0,40.0,60.0,6.5,7.5,15.0,25.0,40.0,60.0,500.0,800.0,40.0,50.0,rabi
Trifolium A.,clay,20.0,30.0,60.0,80.0,30.0,40.0,6.5,8.0,15.0,25.0,50.0,60.0,400.0,600.0,50.0,60.0,rabi
Panicum Max,sandy_loam,100.0,120.0,40.0,50.0,40.0,50.0,5.5,7.0,25.0,35.0,60.0,70.0,800.0,1200.0,50.0,60.0,year_round
Brassica O.B,loamy,120.0,150.0,60.0,80.0,60.0,80.0,6.0,6.8,15.0,20.0,60.0,80.0,400.0,600.0,55.0,65.0,rabi
Lactuca Sat.,sandy_loam,80.0,100.0,40.0,60.0,40.0,60.0,6.0,7.0,15.0,20.0,60.0,70.0,400.0,500.0,60.0,70.0,rabi
Apium Grav.,peaty,100.0,120.0,60.0,80.0,80.0,100.0,6.0,7.0,15.0,20.0,70.0,80.0,600.0,800.0,70.0,80.0,rabi
Asparagus O.,sandy_loam,80.0,100.0,40.0,60.0,60.0,80.0,6.5,7.5,15.0,25.0,50.0,60.0,500.0,700.0,50.0,60.0,spring
Allium Porr.,loamy,100.0,120.0,60.0,80.0,80.0,100.0,6.0,7.0,15.0,25.0,60.0,70.0,500.0,700.0,60.0,70.0,rabi
Pisum Sativ.,loamy,20.0,30.0,50.0,60.0,40.0,50.0,6.0,7.5,15.0,20.0,50.0,60.0,400.0,600.0,40.0,50.0,rabi
Phaseolus V.,loamy,40.0,50.0,60.0,80.0,40.0,50.0,5.5,6.5,15.0,25.0,60.0,70.0,500.0,700.0,50.0,60.0,kharif/rabi
Vicia Faba,clay_loam,20.0,30.0,50.0,60.0,40.0,50.0,6.0,7.0,15.0,25.0,60.0,70.0,500.0,800.0,50.0,60.0,rabi
Cyamopsis T.,sandy_loam,20.0,30.0,40.0,50.0,20.0,30.0,7.0,8.0,25.0,35.0,40.0,50.0,300.0,400.0,30.0,40.0,kharif
Moringa Ole.,sandy_loam,50.0,80.0,30.0,40.0,30.0,40.0,6.0,7.5,25.0,35.0,50.0,70.0,500.0,1000.0,40.0,50.0,year_round
Coccinia Gr.,sandy_loam,60.0,80.0,40.0,50.0,40.0,50.0,6.0,6.5,25.0,30.0,60.0,70.0,600.0,800.0,50.0,60.0,year_round
Trichosanthe,sandy_loam,80.0,100.0,40.0,60.0,40.0,60.0,6.0,7.0,25.0,35.0,60.0,80.0,1000.0,1500.0,50.0,60.0,sum/rainy
Cephalandra,sandy_loam,60.0,80.0,40.0,50.0,40.0,50.0,6.0,7.0,25.0,30.0,60.0,70.0,600.0,800.0,50.0,60.0,sum/rainy
Musa X Par.,clay_loam,150.0,200.0,40.0,50.0,200.0,250.0,6.5,7.5,25.0,35.0,75.0,85.0,1500.0,2500.0,70.0,80.0,year_round
Musa X Par.,clay_loam,150.0,200.0,40.0,50.0,200.0,250.0,6.5,7.5,25.0,35.0,75.0,85.0,1500.0,2500.0,70.0,80.0,year_round
Syzygium Jam,clay_loam,80.0,100.0,40.0,50.0,40.0,50.0,5.5,7.0,25.0,35.0,70.0,80.0,1500.0,2500.0,60.0,70.0,summer
Aegle Marme.,sandy_loam,50.0,60.0,30.0,40.0,30.0,40.0,6.0,8.0,25.0,40.0,40.0,60.0,500.0,800.0,30.0,40.0,summer
Syzygium Cum,loamy,80.0,100.0,40.0,50.0,40.0,50.0,6.0,7.5,25.0,35.0,50.0,70.0,800.0,1500.0,40.0,50.0,summer
Grewia Asiat,sandy_loam,50.0,60.0,30.0,40.0,30.0,40.0,6.0,7.5,25.0,40.0,40.0,60.0,500.0,800.0,30.0,40.0,summer
Carissa Car.,sandy_loam,40.0,50.0,20.0,30.0,20.0,30.0,6.0,8.0,25.0,40.0,30.0,50.0,300.0,600.0,20.0,30.0,summer
Passiflora E,loamy,100.0,120.0,50.0,60.0,100.0,120.0,6.0,6.5,20.0,30.0,60.0,80.0,1000.0,2000.0,50.0,60.0,year_round
Macadamia I.,loamy,100.0,150.0,50.0,100.0,100.0,150.0,5.0,6.5,15.0,25.0,50.0,70.0,1000.0,2000.0,40.0,50.0,winter
Vanilla Pla.,loamy,50.0,75.0,30.0,40.0,50.0,75.0,6.0,7.0,25.0,30.0,80.0,90.0,2000.0,3000.0,70.0,80.0,year_round
Malus Domes.,clay_loam,100.0,150.0,50.0,75.0,100.0,150.0,5.8,6.5,15.0,24.0,60.0,70.0,1000.0,1500.0,50.0,60.0,summer
Pyrus Commu.,loamy,100.0,150.0,50.0,75.0,100.0,150.0,6.0,7.0,15.0,25.0,60.0,70.0,1000.0,1200.0,50.0,60.0,summer
Prunus Dom.,sandy_loam,80.0,100.0,40.0,50.0,80.0,100.0,5.5,6.5,15.0,25.0,50.0,60.0,800.0,1200.0,50.0,60.0,summer
Prunus Per.,loamy,80.0,100.0,40.0,50.0,80.0,100.0,6.0,6.5,15.0,28.0,50.0,60.0,800.0,1200.0,50.0,60.0,summer
Fragaria An.,sandy_loam,60.0,80.0,40.0,60.0,60.0,80.0,5.5,6.5,15.0,25.0,60.0,80.0,800.0,1200.0,60.0,70.0,summer
Morus Alba,loamy,150.0,200.0,50.0,70.0,50.0,70.0,6.5,7.0,20.0,30.0,60.0,80.0,600.0,1000.0,50.0,60.0,year_round
Maranta Aru.,sandy_loam,40.0,50.0,30.0,40.0,60.0,80.0,5.5,6.5,25.0,30.0,70.0,80.0,1500.0,2000.0,60.0,70.0,kharif
Dioscorea A.,loamy,80.0,100.0,60.0,80.0,100.0,120.0,5.5,7.0,25.0,30.0,70.0,80.0,1000.0,1500.0,60.0,70.0,kharif
Dioscorea E.,sandy_loam,60.0,80.0,40.0,60.0,80.0,100.0,5.5,6.5,25.0,32.0,60.0,70.0,800.0,1200.0,50.0,60.0,kharif
Coleus Parv.,sandy,40.0,60.0,40.0,50.0,60.0,80.0,6.0,7.0,25.0,35.0,60.0,70.0,800.0,1000.0,50.0,60.0,kharif
Sechium Edul,loamy,80.0,100.0,40.0,60.0,60.0,80.0,5.5,6.5,15.0,25.0,70.0,80.0,1000.0,1500.0,60.0,70.0,perennial
Brassica Ol.,clay,80.0,100.0,50.0,60.0,50.0,60.0,6.0,7.0,15.0,25.0,60.0,70.0,500.0,700.0,50.0,60.0,rabi
Phaseolus Lu,loamy,20.0,30.0,40.0,60.0,30.0,40.0,5.5,6.5,15.0,25.0,60.0,70.0,600.0,800.0,50.0,60.0,rabi
Vicia Faba L,clay_loam,20.0,30.0,50.0,60.0,40.0,50.0,6.0,7.0,20.0,30.0,60.0,70.0,600.0,900.0,50.0,60.0,kharif/rabi
Lablab PurpL,sandy_loam,20.0,30.0,40.0,50.0,20.0,30.0,6.0,7.5,25.0,35.0,50.0,60.0,500.0,800.0,40.0,50.0,kharif
Canavalia G.,sandy_loam,10.0,20.0,30.0,40.0,20.0,30.0,5.5,7.5,25.0,35.0,50.0,60.0,600.0,1000.0,40.0,50.0,kharif
Mucuna PrurL,sandy_loam,20.0,30.0,40.0,50.0,20.0,30.0,5.5,7.0,25.0,35.0,60.0,70.0,800.0,1200.0,50.0,60.0,kharif
Psophocarpus,loamy,20.0,30.0,40.0,50.0,30.0,40.0,5.5,6.5,25.0,30.0,70.0,80.0,1500.0,2000.0,60.0,70.0,kharif
Vigna UnguiY,sandy,20.0,30.0,40.0,50.0,20.0,30.0,5.5,7.5,25.0,35.0,60.0,70.0,600.0,1000.0,50.0,60.0,kharif/zaid
Luffa Cylind,loamy,80.0,100.0,40.0,50.0,40.0,50.0,6.5,7.0,25.0,35.0,60.0,70.0,500.0,700.0,50.0,60.0,kharif/zaid
Cucumis Melo,sandy_loam,60.0,80.0,40.0,50.0,40.0,50.0,6.0,7.0,25.0,35.0,70.0,80.0,1000.0,1500.0,60.0,70.0,kharif
Amaranthus V,sandy_loam,60.0,80.0,30.0,40.0,30.0,40.0,5.5,7.5,25.0,35.0,50.0,70.0,400.0,600.0,50.0,60.0,year_round
Amaranthus T,sandy_loam,60.0,80.0,30.0,40.0,30.0,40.0,5.5,7.5,25.0,35.0,50.0,70.0,400.0,600.0,50.0,60.0,year_round
Amaranthus D,sandy_loam,60.0,80.0,30.0,40.0,30.0,40.0,5.5,7.5,25.0,35.0,50.0,70.0,400.0,600.0,50.0,60.0,year_round
Amaranthus H,sandy_loam,80.0,100.0,40.0,50.0,40.0,50.0,5.5,7.5,25.0,35.0,50.0,70.0,400.0,600.0,50.0,60.0,year_round
Paddy (ADT 36),clay,120.0,150.0,40.0,50.0,40.0,50.0,5.5,6.5,25.0,35.0,60.0,80.0,1000.0,1500.0,80.0,100.0,kuruvai
Paddy (ADT 43),clay,120.0,150.0,40.0,50.0,40.0,50.0,5.5,6.5,25.0,35.0,60.0,80.0,1000.0,1500.0,80.0,100.0,kuruvai
Paddy (ASD 16),clay_loam,120.0,150.0,40.0,50.0,40.0,50.0,5.5,6.5,25.0,35.0,60.0,80.0,1000.0,1500.0,80.0,100.0,kar/samba
Paddy (CO 51),clay_loam,120.0,150.0,40.0,50.0,40.0,50.0,5.5,6.5,25.0,35.0,60.0,80.0,1000.0,1500.0,80.0,100.0,kuruvai
Paddy (Ponni),clay,150.0,175.0,50.0,60.0,50.0,60.0,5.5,6.5,25.0,35.0,60.0,80.0,1000.0,1500.0,80.0,100.0,thaladi
Paddy (CR 1009),clay,150.0,175.0,50.0,60.0,50.0,60.0,5.5,6.5,25.0,35.0,60.0,80.0,1000.0,1500.0,80.0,100.0,samba
Paddy (Seeraga),clay_loam,100.0,120.0,40.0,50.0,40.0,50.0,5.5,6.5,25.0,35.0,60.0,80.0,1000.0,1500.0,80.0,100.0,samba
Paddy(Mappillai),clay_loam,80.0,100.0,40.0,50.0,40.0,50.0,5.5,6.5,25.0,35.0,60.0,80.0,1000.0,1500.0,80.0,100.0,samba
Paddy (Kavuni),clay_loam,80.0,100.0,40.0,50.0,40.0,50.0,5.5,6.5,25.0,35.0,60.0,80.0,1000.0,1500.0,80.0,100.0,samba
Paddy (Poonkar),clay_loam,80.0,100.0,40.0,50.0,40.0,50.0,5.5,6.5,25.0,35.0,60.0,80.0,1000.0,1500.0,80.0,100.0,navarai
Paddy(Kullakar),clay_loam,80.0,100.0,40.0,50.0,40.0,50.0,5.5,6.5,25.0,35.0,60.0,80.0,1000.0,1500.0,80.0,100.0,navarai
Paddy(Kichili),clay,100.0,120.0,40.0,50.0,40.0,50.0,5.5,6.5,25.0,35.0,60.0,80.0,1000.0,1500.0,80.0,100.0,samba
Paddy(Thooyam.),clay_loam,80.0,100.0,40.0,50.0,40.0,50.0,5.5,6.5,25.0,35.0,60.0,80.0,1000.0,1500.0,80.0,100.0,samba
Paddy (Anna 4),sandy_loam,100.0,120.0,40.0,50.0,40.0,50.0,5.5,6.5,25.0,35.0,60.0,80.0,800.0,1000.0,60.0,80.0,dryland
Paddy(TKM 13),clay_loam,120.0,150.0,40.0,50.0,40.0,50.0,5.5,6.5,25.0,35.0,60.0,80.0,1000.0,1500.0,80.0,100.0,samba
Sorghum (CO 30),black,60.0,90.0,30.0,40.0,30.0,40.0,6.0,8.5,25.0,35.0,40.0,60.0,400.0,600.0,30.0,40.0,kharif/rabi
Sorghum (K 12),black,60.0,90.0,30.0,40.0,30.0,40.0,6.0,8.5,25.0,35.0,40.0,60.0,400.0,600.0,30.0,40.0,dryland
Pearl M. (CO 9),sandy_loam,40.0,60.0,20.0,30.0,20.0,30.0,6.5,8.0,25.0,35.0,40.0,50.0,400.0,600.0,30.0,40.0,kharif
Pearl M. (ICMV),sandy_loam,40.0,60.0,20.0,30.0,20.0,30.0,6.5,8.0,25.0,35.0,40.0,50.0,400.0,600.0,30.0,40.0,kharif
Finger M.(CO15),red_laterite,40.0,60.0,20.0,30.0,20.0,30.0,5.0,8.2,20.0,30.0,50.0,70.0,500.0,700.0,40.0,50.0,kharif/rabi
Finger M.(CO14),red_laterite,40.0,60.0,20.0,30.0,20.0,30.0,5.0,8.2,20.0,30.0,50.0,70.0,500.0,700.0,40.0,50.0,kharif/rabi
Foxtail(CO 7),sandy_loam,40.0,50.0,20.0,30.0,15.0,20.0,5.5,7.5,25.0,30.0,40.0,60.0,300.0,500.0,30.0,40.0,kharif
Little M.(CO 4),sandy_loam,20.0,30.0,15.0,20.0,15.0,20.0,5.0,7.5,25.0,35.0,40.0,50.0,300.0,400.0,30.0,40.0,kharif
Barnyard(CO 2),sandy_loam,30.0,40.0,15.0,20.0,15.0,20.0,5.5,7.5,20.0,25.0,50.0,60.0,400.0,600.0,35.0,45.0,kharif
Kodo M. (CO 3),sandy_loam,20.0,40.0,15.0,20.0,15.0,20.0,5.5,7.0,25.0,30.0,40.0,50.0,400.0,500.0,30.0,40.0,kharif
Red Gram(CO 8),loamy,20.0,30.0,40.0,50.0,20.0,30.0,6.0,7.5,20.0,30.0,50.0,60.0,600.0,800.0,40.0,50.0,kharif
Red Gram(VBN 3),loamy,20.0,30.0,40.0,50.0,20.0,30.0,6.0,7.5,20.0,30.0,50.0,60.0,600.0,800.0,40.0,50.0,kharif
Black Gram(ADT),clay_loam,20.0,25.0,40.0,50.0,20.0,30.0,5.5,7.5,25.0,35.0,60.0,70.0,400.0,600.0,30.0,40.0,rice_fallow
Black Gram(VBN),black,20.0,25.0,40.0,50.0,20.0,30.0,5.5,7.5,25.0,35.0,60.0,70.0,400.0,600.0,30.0,40.0,kharif/rabi
Green Gram(CO8),loamy,15.0,20.0,30.0,40.0,15.0,20.0,6.5,7.5,25.0,35.0,50.0,60.0,400.0,600.0,35.0,45.0,kharif/zaid
Green Gram(VBN),loamy,15.0,20.0,30.0,40.0,15.0,20.0,6.5,7.5,25.0,35.0,50.0,60.0,400.0,600.0,35.0,45.0,kharif/zaid
Cowpea (CO 9),sandy_loam,15.0,20.0,30.0,40.0,15.0,20.0,5.5,6.5,20.0,30.0,50.0,60.0,400.0,600.0,40.0,50.0,kharif/zaid
Horse Gram(CO1),sandy_loam,10.0,15.0,20.0,30.0,10.0,15.0,5.0,7.5,25.0,30.0,40.0,50.0,300.0,400.0,30.0,40.0,kharif/rabi
Bengal Gram(CO),black,15.0,20.0,30.0,40.0,15.0,20.0,6.0,7.0,15.0,25.0,40.0,50.0,300.0,450.0,30.0,40.0,rabi
Groundnut(VRI2),sandy_loam,20.0,30.0,40.0,60.0,60.0,80.0,6.0,6.5,25.0,30.0,50.0,70.0,500.0,700.0,40.0,50.0,kharif/rabi
Groundnut(TMV13),sandy_loam,20.0,30.0,40.0,60.0,60.0,80.0,6.0,6.5,25.0,30.0,50.0,70.0,500.0,700.0,40.0,50.0,kharif/rabi
Sesame (TMV 7),sandy_loam,30.0,40.0,20.0,30.0,20.0,30.0,5.5,8.0,25.0,35.0,50.0,60.0,400.0,600.0,30.0,40.0,kharif/zaid
Sesame (VRI 3),sandy_loam,30.0,40.0,20.0,30.0,20.0,30.0,5.5,8.0,25.0,35.0,50.0,60.0,400.0,600.0,30.0,40.0,kharif/zaid
Castor (YRCH 1),loamy,40.0,60.0,30.0,40.0,20.0,30.0,5.0,6.5,20.0,30.0,40.0,60.0,500.0,700.0,40.0,50.0,kharif
Sunflower(CO 2),black,60.0,80.0,40.0,60.0,40.0,60.0,6.5,8.0,20.0,30.0,50.0,60.0,500.0,700.0,40.0,50.0,kharif/rabi
Cotton (MCU 5),black,80.0,120.0,40.0,60.0,40.0,60.0,5.8,8.0,21.0,30.0,50.0,70.0,500.0,700.0,40.0,50.0,kharif
Cotton (MCU 7),black,80.0,120.0,40.0,60.0,40.0,60.0,5.8,8.0,21.0,30.0,50.0,70.0,500.0,700.0,40.0,50.0,rice_fallow
Cotton (LRA),black,80.0,120.0,40.0,60.0,40.0,60.0,5.8,8.0,21.0,30.0,50.0,70.0,500.0,700.0,40.0,50.0,kharif
Cotton (Suvin),black,80.0,120.0,40.0,60.0,40.0,60.0,5.8,8.0,21.0,30.0,50.0,70.0,500.0,700.0,40.0,50.0,kharif
Sugarcane(CO86),clay_loam,250.0,300.0,75.0,100.0,100.0,150.0,6.5,7.5,27.0,38.0,70.0,85.0,1500.0,2500.0,60.0,70.0,annual
Sugarcane(COV),clay_loam,250.0,300.0,75.0,100.0,100.0,150.0,6.5,7.5,27.0,38.0,70.0,85.0,1500.0,2500.0,60.0,70.0,annual
Tomato (PKM 1),loamy,100.0,150.0,60.0,80.0,80.0,100.0,6.0,7.0,21.0,28.0,60.0,70.0,600.0,800.0,50.0,60.0,year_round
Tomato (CO 3),loamy,100.0,150.0,60.0,80.0,80.0,100.0,6.0,7.0,21.0,28.0,60.0,70.0,600.0,800.0,50.0,60.0,year_round
Brinjal (PLR 1),loamy,100.0,120.0,50.0,60.0,50.0,60.0,5.5,6.8,25.0,32.0,60.0,70.0,500.0,700.0,50.0,60.0,kharif/rabi
Brinjal (MDU 1),loamy,100.0,120.0,50.0,60.0,50.0,60.0,5.5,6.8,25.0,32.0,60.0,70.0,500.0,700.0,50.0,60.0,kharif/rabi
Chilli (K 1),black,120.0,150.0,60.0,80.0,60.0,80.0,6.0,7.0,20.0,30.0,50.0,65.0,600.0,800.0,40.0,50.0,kharif/rabi
Chilli (K 2),black,120.0,150.0,60.0,80.0,60.0,80.0,6.0,7.0,20.0,30.0,50.0,65.0,600.0,800.0,40.0,50.0,kharif/rabi
Chilli (PKM 1),black,120.0,150.0,60.0,80.0,60.0,80.0,6.0,7.0,20.0,30.0,50.0,65.0,600.0,800.0,40.0,50.0,kharif/rabi
Bhendi (CO 3),loamy,80.0,100.0,40.0,60.0,40.0,60.0,6.0,6.8,22.0,35.0,60.0,70.0,500.0,700.0,50.0,60.0,kharif/zaid
Bhendi (Arka),loamy,80.0,100.0,40.0,60.0,40.0,60.0,6.0,6.8,22.0,35.0,60.0,70.0,500.0,700.0,50.0,60.0,kharif/zaid
Onion (CO 4),sandy_loam,80.0,100.0,40.0,50.0,50.0,60.0,6.5,7.0,15.0,25.0,50.0,70.0,350.0,500.0,40.0,50.0,rabi
Onion (CO 5),sandy_loam,80.0,100.0,40.0,50.0,50.0,60.0,6.5,7.0,15.0,25.0,50.0,70.0,350.0,500.0,40.0,50.0,rabi
Tapioca (CO 2),sandy_loam,75.0,90.0,40.0,50.0,100.0,120.0,5.5,6.5,25.0,30.0,60.0,80.0,1000.0,1500.0,50.0,60.0,year_round
Tapioca (H226),sandy_loam,75.0,90.0,40.0,50.0,100.0,120.0,5.5,6.5,25.0,30.0,60.0,80.0,1000.0,1500.0,50.0,60.0,year_round
Sweet Pot(CO3),sandy_loam,60.0,80.0,40.0,60.0,80.0,100.0,5.5,6.5,21.0,27.0,60.0,70.0,700.0,1000.0,50.0,60.0,kharif
Cabbage (Hill),clay_loam,120.0,150.0,60.0,80.0,60.0,80.0,6.0,6.5,15.0,20.0,60.0,80.0,400.0,600.0,55.0,65.0,rabi
Cauli. (Hill),clay_loam,120.0,150.0,60.0,80.0,60.0,80.0,5.5,6.6,15.0,20.0,60.0,80.0,400.0,600.0,55.0,65.0,rabi
Carrot(Kuroda),sandy_loam,80.0,100.0,40.0,60.0,80.0,100.0,5.5,7.0,15.0,20.0,50.0,70.0,400.0,600.0,50.0,60.0,rabi
Beans (Ooty 2),loamy,40.0,50.0,60.0,80.0,40.0,50.0,5.5,6.5,15.0,25.0,60.0,70.0,500.0,700.0,50.0,60.0,kharif/rabi
Garlic(Ooty 1),sandy_loam,80.0,100.0,40.0,50.0,40.0,50.0,6.0,7.0,15.0,25.0,50.0,60.0,400.0,600.0,45.0,55.0,rabi
Kale,sandy_loam,100.0,120.0,50.0,70.0,80.0,100.0,6.0,7.0,10.0,20.0,60.0,80.0,500.0,800.0,50.0,60.0,winter
Swiss Chard,loamy,100.0,120.0,50.0,70.0,80.0,100.0,6.0,7.0,10.0,25.0,60.0,80.0,500.0,800.0,50.0,60.0,winter
Bruss. Sprouts,clay_loam,120.0,150.0,60.0,80.0,80.0,100.0,6.0,7.0,10.0,20.0,60.0,80.0,500.0,800.0,50.0,60.0,winter
Endive,sandy_loam,80.0,100.0,40.0,60.0,60.0,80.0,6.0,7.0,15.0,20.0,60.0,70.0,400.0,600.0,50.0,60.0,winter
Radicchio,sandy_loam,80.0,100.0,40.0,60.0,60.0,80.0,6.0,7.0,15.0,20.0,60.0,70.0,400.0,600.0,50.0,60.0,winter
Rhubarb,loamy,100.0,120.0,50.0,70.0,80.0,100.0,5.5,7.0,10.0,20.0,60.0,80.0,500.0,800.0,60.0,70.0,hills
Parsnip,sandy_loam,80.0,100.0,40.0,60.0,80.0,100.0,6.0,7.0,10.0,20.0,60.0,70.0,400.0,600.0,50.0,60.0,winter
Rutabaga,loamy,80.0,100.0,50.0,70.0,80.0,100.0,6.0,7.0,10.0,20.0,60.0,70.0,400.0,600.0,50.0,60.0,winter
Turnip (Ooty),loamy,60.0,80.0,40.0,50.0,40.0,50.0,5.5,6.8,10.0,15.0,60.0,70.0,300.0,500.0,50.0,60.0,rabi
Lett.(Romaine),sandy_loam,80.0,100.0,40.0,60.0,40.0,60.0,6.0,7.0,15.0,20.0,60.0,70.0,400.0,500.0,60.0,70.0,rabi
Lett.(Butter),sandy_loam,80.0,100.0,40.0,60.0,40.0,60.0,6.0,7.0,15.0,20.0,60.0,70.0,400.0,500.0,60.0,70.0,rabi
Rocket Leaves,sandy_loam,60.0,80.0,30.0,40.0,40.0,50.0,6.0,7.0,15.0,25.0,50.0,70.0,400.0,600.0,50.0,60.0,winter
Artichoke,clay_loam,100.0,120.0,60.0,80.0,80.0,100.0,6.0,7.0,15.0,25.0,60.0,80.0,500.0,800.0,50.0,60.0,hills
Leek (Ooty 1),loamy,100.0,120.0,60.0,80.0,80.0,100.0,6.0,7.0,15.0,25.0,60.0,70.0,500.0,700.0,60.0,70.0,rabi
Celery(Ooty 1),peaty,100.0,120.0,60.0,80.0,80.0,100.0,6.0,7.0,15.0,20.0,70.0,80.0,600.0,800.0,70.0,80.0,rabi
Siriyanangai,sandy_loam,20.0,30.0,20.0,30.0,10.0,20.0,6.0,7.5,25.0,35.0,50.0,70.0,600.0,1000.0,40.0,50.0,kharif
Periyanangai,sandy_loam,20.0,30.0,20.0,30.0,10.0,20.0,6.0,7.5,25.0,35.0,50.0,70.0,600.0,1000.0,40.0,50.0,kharif
Orithal Thamar,sandy,10.0,20.0,10.0,20.0,10.0,20.0,6.0,7.5,25.0,35.0,40.0,60.0,400.0,800.0,30.0,40.0,kharif
Amman Pachari.,sandy_loam,10.0,20.0,10.0,20.0,10.0,20.0,6.0,7.5,25.0,35.0,50.0,70.0,400.0,800.0,30.0,50.0,kharif
Thumbai,sandy_loam,10.0,20.0,10.0,20.0,10.0,20.0,6.0,7.5,25.0,35.0,50.0,70.0,400.0,800.0,30.0,50.0,kharif
Nayuruvi (Red),sandy_loam,10.0,20.0,10.0,20.0,10.0,20.0,6.5,8.0,25.0,35.0,40.0,60.0,400.0,800.0,30.0,40.0,kharif
Kuppaimeni,sandy,10.0,20.0,10.0,20.0,10.0,20.0,6.0,7.5,25.0,35.0,50.0,70.0,500.0,1000.0,40.0,50.0,kharif
Ponnanganni(W),clay_loam,60.0,80.0,30.0,40.0,30.0,40.0,6.0,7.5,25.0,35.0,60.0,80.0,600.0,1000.0,60.0,80.0,year_round
Karisalank(Y),clay_loam,30.0,40.0,20.0,30.0,20.0,30.0,6.0,7.5,25.0,35.0,70.0,80.0,1000.0,1500.0,60.0,80.0,year_round
Karisalank(W),clay_loam,30.0,40.0,20.0,30.0,20.0,30.0,6.0,7.5,25.0,35.0,70.0,80.0,1000.0,1500.0,60.0,80.0,year_round
Nithyakal.(W),sandy_loam,40.0,50.0,20.0,30.0,20.0,30.0,6.0,7.0,25.0,35.0,50.0,60.0,800.0,1000.0,40.0,50.0,kharif
Mudakathan(R),sandy_loam,20.0,30.0,20.0,30.0,20.0,30.0,6.0,7.5,25.0,35.0,50.0,70.0,500.0,800.0,40.0,50.0,kharif
Sivanar Vembu,sandy,10.0,20.0,10.0,20.0,10.0,20.0,6.0,8.0,25.0,40.0,40.0,60.0,300.0,600.0,20.0,40.0,year_round
Vellerukku,sandy,10.0,20.0,10.0,20.0,10.0,20.0,6.5,8.5,25.0,45.0,30.0,50.0,200.0,600.0,20.0,30.0,year_round
Adathoda(Sml),sandy,20.0,30.0,20.0,30.0,20.0,30.0,6.0,7.5,25.0,35.0,50.0,70.0,600.0,1200.0,40.0,50.0,year_round
Vilvam (Maha),sandy_loam,50.0,60.0,30.0,40.0,30.0,40.0,6.0,8.0,25.0,40.0,40.0,60.0,500.0,800.0,30.0,40.0,long_term
Vembu (Malai),red_laterite,40.0,60.0,30.0,40.0,30.0,40.0,5.5,7.0,25.0,35.0,50.0,70.0,800.0,1500.0,40.0,60.0,long_term
Vembu (Nattu),sandy_loam,20.0,30.0,10.0,20.0,10.0,20.0,6.2,7.0,25.0,40.0,40.0,60.0,400.0,1000.0,30.0,40.0,long_term
Pungam(Nattu),sandy_loam,20.0,30.0,20.0,30.0,20.0,30.0,6.0,8.0,25.0,40.0,40.0,60.0,500.0,1000.0,30.0,50.0,long_term
Iluppai(Nattu),sandy_loam,40.0,60.0,30.0,40.0,30.0,40.0,6.0,7.5,25.0,40.0,40.0,60.0,600.0,1200.0,30.0,50.0,long_term
Mango (Malgov),red_laterite,75.0,100.0,20.0,30.0,75.0,100.0,5.5,7.5,24.0,30.0,50.0,80.0,700.0,2500.0,40.0,50.0,summer
Mango(Imam P),red_laterite,75.0,100.0,20.0,30.0,75.0,100.0,5.5,7.5,24.0,30.0,50.0,80.0,700.0,2500.0,40.0,50.0,summer
Mango(Sendhu),red_laterite,75.0,100.0,20.0,30.0,75.0,100.0,5.5,7.5,24.0,30.0,50.0,80.0,700.0,2500.0,40.0,50.0,summer
Mango(Rumani),red_laterite,75.0,100.0,20.0,30.0,75.0,100.0,5.5,7.5,24.0,30.0,50.0,80.0,700.0,2500.0,40.0,50.0,summer
Mango(Kalpad),red_laterite,75.0,100.0,20.0,30.0,75.0,100.0,5.5,7.5,24.0,30.0,50.0,80.0,700.0,2500.0,40.0,50.0,summer
Banana(Rasth),clay_loam,200.0,250.0,40.0,50.0,250.0,300.0,6.5,7.5,25.0,35.0,75.0,85.0,1500.0,2500.0,70.0,80.0,year_round
Banana(Karpu),clay_loam,200.0,250.0,40.0,50.0,250.0,300.0,6.5,7.5,25.0,35.0,75.0,85.0,1500.0,2500.0,70.0,80.0,year_round
Banana(Sevvz),clay_loam,200.0,250.0,40.0,50.0,250.0,300.0,6.5,7.5,25.0,35.0,75.0,85.0,1500.0,2500.0,70.0,80.0,year_round
Banana(Pach),clay_loam,200.0,250.0,40.0,50.0,250.0,300.0,6.5,7.5,25.0,35.0,75.0,85.0,1500.0,2500.0,70.0,80.0,year_round
Banana(Mala),loamy,200.0,250.0,40.0,50.0,250.0,300.0,6.0,7.0,20.0,30.0,75.0,85.0,1500.0,2500.0,70.0,80.0,hills
Banana(G1),clay_loam,200.0,250.0,40.0,50.0,250.0,300.0,6.5,7.5,25.0,35.0,75.0,85.0,1500.0,2500.0,70.0,80.0,year_round
Guava (L49),loamy,100.0,150.0,50.0,100.0,100.0,150.0,4.5,8.2,20.0,30.0,50.0,70.0,1000.0,1500.0,40.0,50.0,year_round
Guava (Arka),loamy,100.0,150.0,50.0,100.0,100.0,150.0,4.5,8.2,20.0,30.0,50.0,70.0,1000.0,1500.0,40.0,50.0,year_round
Guava(Allah),loamy,100.0,150.0,50.0,100.0,100.0,150.0,4.5,8.2,20.0,30.0,50.0,70.0,1000.0,1500.0,40.0,50.0,year_round
Pomegr.(Bha),sandy_loam,100.0,150.0,50.0,75.0,50.0,75.0,6.5,8.0,25.0,35.0,40.0,50.0,500.0,800.0,30.0,40.0,year_round
Pomegr.(Gan),sandy_loam,100.0,150.0,50.0,75.0,50.0,75.0,6.5,8.0,25.0,35.0,40.0,50.0,500.0,800.0,30.0,40.0,year_round
Grapes(Pane),loamy,150.0,200.0,100.0,150.0,150.0,200.0,6.5,7.5,15.0,40.0,40.0,60.0,500.0,900.0,40.0,50.0,summer
Grapes(Thom),loamy,150.0,200.0,100.0,150.0,150.0,200.0,6.5,7.5,15.0,40.0,40.0,60.0,500.0,900.0,40.0,50.0,summer
Papaya(CO8),sandy_loam,200.0,250.0,200.0,250.0,200.0,250.0,6.0,6.5,25.0,30.0,60.0,70.0,1000.0,1500.0,50.0,60.0,year_round
Papaya(RedL),sandy_loam,200.0,250.0,200.0,250.0,200.0,250.0,6.0,6.5,25.0,30.0,60.0,70.0,1000.0,1500.0,50.0,60.0,year_round
Sapota(Kalip),sandy_loam,150.0,200.0,50.0,100.0,100.0,150.0,6.0,8.0,25.0,35.0,50.0,70.0,1000.0,1500.0,40.0,50.0,year_round
Sapota(PKM1),sandy_loam,150.0,200.0,50.0,100.0,100.0,150.0,6.0,8.0,25.0,35.0,50.0,70.0,1000.0,1500.0,40.0,50.0,year_round
Amla (Kan),sandy_loam,50.0,70.0,30.0,40.0,40.0,50.0,6.5,8.0,25.0,35.0,40.0,50.0,600.0,800.0,30.0,40.0,winter
Amla (Krish),sandy_loam,50.0,70.0,30.0,40.0,40.0,50.0,6.5,8.0,25.0,35.0,40.0,50.0,600.0,800.0,30.0,40.0,winter
Jackfr.(PLR),loamy,100.0,150.0,50.0,70.0,50.0,100.0,6.0,7.5,25.0,35.0,60.0,80.0,1500.0,2000.0,50.0,60.0,summer
Jackfr.(Var),loamy,100.0,150.0,50.0,70.0,50.0,100.0,6.0,7.5,25.0,35.0,60.0,80.0,1500.0,2000.0,50.0,60.0,summer
Lemon(PKM1),loamy,150.0,200.0,50.0,70.0,100.0,150.0,5.5,7.0,20.0,30.0,50.0,60.0,700.0,1200.0,40.0,50.0,year_round
Acid Lime,loamy,150.0,200.0,50.0,70.0,100.0,150.0,5.5,7.0,20.0,30.0,50.0,60.0,700.0,1200.0,40.0,50.0,year_round
Pineapp(Maur),red_laterite,150.0,200.0,50.0,70.0,150.0,200.0,5.0,6.0,22.0,32.0,70.0,80.0,1500.0,2500.0,60.0,70.0,year_round
Pineapp(Kew),red_laterite,150.0,200.0,50.0,70.0,150.0,200.0,5.0,6.0,22.0,32.0,70.0,80.0,1500.0,2500.0,60.0,70.0,year_round
Waterm.(Sgr),sandy_loam,80.0,100.0,40.0,60.0,40.0,60.0,6.0,7.0,25.0,35.0,40.0,50.0,400.0,600.0,40.0,50.0,zaid/sum
Waterm.(Arka),sandy_loam,80.0,100.0,40.0,60.0,40.0,60.0,6.0,7.0,25.0,35.0,40.0,50.0,400.0,600.0,40.0,50.0,zaid/sum
Muskm.(Hara),sandy_loam,60.0,80.0,40.0,50.0,40.0,50.0,6.0,7.0,25.0,35.0,40.0,50.0,300.0,500.0,40.0,50.0,zaid/sum
Muskm.(Durg),sandy_loam,60.0,80.0,40.0,50.0,40.0,50.0,6.0,7.0,25.0,35.0,40.0,50.0,300.0,500.0,40.0,50.0,zaid/sum
Custard(Bal),sandy,50.0,70.0,30.0,40.0,30.0,40.0,6.0,8.0,25.0,35.0,40.0,60.0,500.0,800.0,30.0,40.0,late_sum
Custard(Arka),sandy,50.0,70.0,30.0,40.0,30.0,40.0,6.0,8.0,25.0,35.0,40.0,60.0,500.0,800.0,30.0,40.0,late_sum
Fig (Dian),clay_loam,80.0,100.0,40.0,50.0,60.0,80.0,6.0,7.0,25.0,35.0,40.0,50.0,500.0,700.0,40.0,50.0,summer
Fig (Poona),clay_loam,80.0,100.0,40.0,50.0,60.0,80.0,6.0,7.0,25.0,35.0,40.0,50.0,500.0,700.0,40.0,50.0,summer
WoodAp(PKM1),sandy,30.0,50.0,20.0,30.0,30.0,40.0,6.0,7.5,25.0,40.0,40.0,60.0,500.0,1000.0,30.0,40.0,summer
Jujube(Gola),sandy_loam,30.0,50.0,20.0,30.0,30.0,40.0,6.0,8.0,25.0,45.0,30.0,50.0,300.0,600.0,20.0,30.0,winter
Jasmine(CO1),sandy_loam,100.0,120.0,100.0,120.0,100.0,120.0,6.0,7.0,25.0,35.0,60.0,70.0,800.0,1000.0,50.0,60.0,year_round
Jasmine(CO2),sandy_loam,100.0,120.0,100.0,120.0,100.0,120.0,6.0,7.0,25.0,35.0,60.0,70.0,800.0,1000.0,50.0,60.0,year_round
Jasmine(CO3),sandy,100.0,120.0,100.0,120.0,100.0,120.0,6.0,7.0,25.0,35.0,60.0,70.0,800.0,1000.0,50.0,60.0,year_round
Jasmine(CO4),sandy,100.0,120.0,100.0,120.0,100.0,120.0,6.0,7.0,25.0,35.0,60.0,70.0,800.0,1000.0,50.0,60.0,year_round
Jasmine(CO5),sandy,100.0,120.0,100.0,120.0,100.0,120.0,6.0,7.0,25.0,35.0,60.0,70.0,800.0,1000.0,50.0,60.0,year_round
Rose(Gladiat),loamy,150.0,200.0,100.0,150.0,150.0,200.0,6.0,7.0,15.0,28.0,50.0,60.0,600.0,800.0,50.0,60.0,year_round
Rose(Button),loamy,150.0,200.0,100.0,150.0,150.0,200.0,6.0,7.0,15.0,28.0,50.0,60.0,600.0,800.0,50.0,60.0,year_round
Rose(Panner),loamy,150.0,200.0,100.0,150.0,150.0,200.0,6.0,7.0,15.0,28.0,50.0,60.0,600.0,800.0,50.0,60.0,year_round
Marig.(MDU1),sandy_loam,80.0,100.0,80.0,100.0,80.0,100.0,6.5,7.5,15.0,30.0,50.0,60.0,500.0,700.0,40.0,50.0,year_round
Marig.(Pusa),sandy_loam,80.0,100.0,80.0,100.0,80.0,100.0,6.5,7.5,15.0,30.0,50.0,60.0,500.0,700.0,40.0,50.0,year_round
Chrysan(CO1),sandy_loam,100.0,150.0,100.0,150.0,100.0,150.0,6.0,7.0,15.0,25.0,50.0,60.0,500.0,700.0,50.0,60.0,winter
Chrysan(CO2),sandy_loam,100.0,150.0,100.0,150.0,100.0,150.0,6.0,7.0,15.0,25.0,50.0,60.0,500.0,700.0,50.0,60.0,winter
Tuber.(Praj),loamy,100.0,150.0,80.0,100.0,80.0,100.0,6.5,7.5,20.0,30.0,60.0,70.0,600.0,800.0,50.0,60.0,sum/rainy
Tuber.(Shrn),loamy,100.0,150.0,80.0,100.0,80.0,100.0,6.5,7.5,20.0,30.0,60.0,70.0,600.0,800.0,50.0,60.0,sum/rainy
Crossand.CO1,sandy_loam,60.0,80.0,40.0,60.0,40.0,60.0,6.0,7.0,25.0,35.0,50.0,60.0,600.0,800.0,40.0,50.0,year_round
Crossand.CO2,sandy_loam,60.0,80.0,40.0,60.0,40.0,60.0,6.0,7.0,25.0,35.0,50.0,60.0,600.0,800.0,40.0,50.0,year_round
Hibis.(Haw),loamy,80.0,100.0,40.0,60.0,60.0,80.0,6.0,7.0,25.0,35.0,60.0,80.0,1000.0,1500.0,50.0,60.0,year_round
Hibis.(Dbl),loamy,80.0,100.0,40.0,60.0,60.0,80.0,6.0,7.0,25.0,35.0,60.0,80.0,1000.0,1500.0,50.0,60.0,year_round
Nerium(Pink),sandy_loam,40.0,60.0,30.0,40.0,30.0,40.0,6.5,8.0,25.0,40.0,40.0,60.0,500.0,1000.0,30.0,40.0,year_round
Nerium(Wht),sandy_loam,40.0,60.0,30.0,40.0,30.0,40.0,6.5,8.0,25.0,40.0,40.0,60.0,500.0,1000.0,30.0,40.0,year_round
Gladiol.(S),sandy_loam,80.0,100.0,60.0,80.0,80.0,100.0,6.0,7.0,15.0,25.0,50.0,70.0,600.0,1000.0,50.0,60.0,hills/winter
Gladiol.(W),sandy_loam,80.0,100.0,60.0,80.0,80.0,100.0,6.0,7.0,15.0,25.0,50.0,70.0,600.0,1000.0,50.0,60.0,hills/winter
Orchid(Den),bark/peat,10.0,20.0,10.0,20.0,10.0,20.0,5.5,6.5,18.0,28.0,70.0,90.0,1500.0,3000.0,70.0,90.0,hills
Orchid(Pha),bark/peat,10.0,20.0,10.0,20.0,10.0,20.0,5.5,6.5,18.0,28.0,70.0,90.0,1500.0,3000.0,70.0,90.0,hills
Anthuri(Tr),peaty,20.0,30.0,10.0,20.0,20.0,30.0,5.5,6.5,20.0,30.0,70.0,90.0,1500.0,2500.0,70.0,90.0,hills
Anthuri(Ac),peaty,20.0,30.0,10.0,20.0,20.0,30.0,5.5,6.5,20.0,30.0,70.0,90.0,1500.0,2500.0,70.0,90.0,hills
Carnat.(St),loamy,100.0,120.0,80.0,100.0,100.0,120.0,6.0,7.0,15.0,25.0,50.0,70.0,500.0,800.0,50.0,60.0,hills/winter
Carnat.(Sp),loamy,100.0,120.0,80.0,100.0,100.0,120.0,6.0,7.0,15.0,25.0,50.0,70.0,500.0,800.0,50.0,60.0,hills/winter
Gerbera(S),sandy_loam,80.0,100.0,60.0,80.0,80.0,100.0,5.5,6.5,15.0,25.0,50.0,70.0,600.0,1000.0,50.0,60.0,hills/winter
Gerbera(M),sandy_loam,80.0,100.0,60.0,80.0,80.0,100.0,5.5,6.5,15.0,25.0,50.0,70.0,600.0,1000.0,50.0,60.0,hills/winter
Lilium(As),loamy,60.0,80.0,40.0,60.0,60.0,80.0,6.0,7.0,15.0,25.0,50.0,70.0,600.0,1000.0,50.0,60.0,hills/winter
Lilium(Or),loamy,60.0,80.0,40.0,60.0,60.0,80.0,6.0,7.0,15.0,25.0,50.0,70.0,600.0,1000.0,50.0,60.0,hills/winter
BirdofPara,loamy,40.0,60.0,30.0,40.0,40.0,60.0,6.0,7.5,15.0,30.0,50.0,70.0,800.0,1500.0,50.0,60.0,year_round
Heliconia,peaty,40.0,60.0,30.0,40.0,40.0,60.0,5.5,6.5,20.0,30.0,70.0,90.0,1500.0,2500.0,70.0,90.0,year_round
Zingiber S,loamy,60.0,80.0,40.0,50.0,60.0,80.0,5.5,6.5,25.0,30.0,70.0,90.0,1500.0,2000.0,60.0,70.0,year_round
Alpinia P.,loamy,60.0,80.0,40.0,50.0,60.0,80.0,5.5,6.5,25.0,30.0,70.0,90.0,1500.0,2000.0,60.0,70.0,year_round
Aster(Chi),loamy,60.0,80.0,40.0,60.0,60.0,80.0,6.0,7.0,15.0,25.0,50.0,70.0,500.0,800.0,40.0,60.0,winter
Aster(Nov),loamy,60.0,80.0,40.0,60.0,60.0,80.0,6.0,7.0,15.0,25.0,50.0,70.0,500.0,800.0,40.0,60.0,winter
Zinnia(El),loamy,60.0,80.0,40.0,60.0,60.0,80.0,6.0,7.0,20.0,30.0,50.0,70.0,500.0,800.0,40.0,60.0,summer
Zinnia(Ha),loamy,60.0,80.0,40.0,60.0,60.0,80.0,6.0,7.0,20.0,30.0,50.0,70.0,500.0,800.0,40.0,60.0,summer
Pepper(Pan1),red_laterite,100.0,120.0,40.0,50.0,120.0,140.0,5.5,6.5,20.0,30.0,70.0,90.0,2000.0,3000.0,70.0,80.0,year_round
Pepper(Kar),red_laterite,100.0,120.0,40.0,50.0,120.0,140.0,5.5,6.5,20.0,30.0,70.0,90.0,2000.0,3000.0,70.0,80.0,year_round
Pepper(Aim),red_laterite,100.0,120.0,40.0,50.0,120.0,140.0,5.5,6.5,20.0,30.0,70.0,90.0,2000.0,3000.0,70.0,80.0,year_round
Cardam(Mala),peaty,75.0,100.0,75.0,100.0,150.0,200.0,5.0,6.5,15.0,25.0,75.0,90.0,1500.0,4000.0,70.0,80.0,year_round
Cardam(Myso),peaty,75.0,100.0,75.0,100.0,150.0,200.0,5.0,6.5,15.0,25.0,75.0,90.0,1500.0,4000.0,70.0,80.0,year_round
Cardam(Vazh),peaty,75.0,100.0,75.0,100.0,150.0,200.0,5.0,6.5,15.0,25.0,75.0,90.0,1500.0,4000.0,70.0,80.0,year_round
Turmeric(B2),loamy,120.0,150.0,50.0,60.0,90.0,120.0,4.5,7.5,20.0,35.0,70.0,90.0,1500.0,2200.0,60.0,70.0,kharif
Turmeric(P1),loamy,120.0,150.0,50.0,60.0,90.0,120.0,4.5,7.5,20.0,35.0,70.0,90.0,1500.0,2200.0,60.0,70.0,kharif
Turmeric(A),loamy,120.0,150.0,50.0,60.0,90.0,120.0,4.5,7.5,20.0,35.0,70.0,90.0,1500.0,2200.0,60.0,70.0,kharif
Ginger(Rio),loamy,75.0,100.0,50.0,75.0,50.0,75.0,5.5,6.5,25.0,30.0,70.0,90.0,1500.0,2000.0,60.0,70.0,kharif
Ginger(Nat),loamy,75.0,100.0,50.0,75.0,50.0,75.0,5.5,6.5,25.0,30.0,70.0,90.0,1500.0,2000.0,60.0,70.0,kharif
Coriand(CO1),loamy,30.0,40.0,30.0,40.0,20.0,30.0,6.0,7.0,15.0,25.0,50.0,60.0,400.0,500.0,40.0,50.0,rabi
Coriand(CO2),loamy,30.0,40.0,30.0,40.0,20.0,30.0,6.0,7.0,15.0,25.0,50.0,60.0,400.0,500.0,40.0,50.0,rabi
Coriand(CO3),loamy,30.0,40.0,30.0,40.0,20.0,30.0,6.0,7.0,15.0,25.0,50.0,60.0,400.0,500.0,40.0,50.0,rabi
Cumin(RS1),sandy_loam,30.0,40.0,20.0,30.0,15.0,20.0,7.0,8.0,15.0,25.0,40.0,50.0,200.0,300.0,30.0,40.0,rabi
Cumin(GC1),sandy_loam,30.0,40.0,20.0,30.0,15.0,20.0,7.0,8.0,15.0,25.0,40.0,50.0,200.0,300.0,30.0,40.0,rabi
Fennel(CO1),loamy,60.0,80.0,40.0,50.0,40.0,50.0,6.5,8.0,15.0,25.0,40.0,50.0,300.0,500.0,30.0,40.0,rabi
Fennel(PF35),loamy,60.0,80.0,40.0,50.0,40.0,50.0,6.5,8.0,15.0,25.0,40.0,50.0,300.0,500.0,30.0,40.0,rabi
Fenugr(CO1),clay_loam,20.0,30.0,40.0,50.0,20.0,30.0,6.0,7.0,15.0,25.0,50.0,60.0,300.0,400.0,40.0,50.0,rabi
Fenugr(CO2),clay_loam,20.0,30.0,40.0,50.0,20.0,30.0,6.0,7.0,15.0,25.0,50.0,60.0,300.0,400.0,40.0,50.0,rabi
Cotton(CO14),black,80.0,120.0,40.0,60.0,40.0,60.0,5.8,8.0,21.0,30.0,50.0,70.0,500.0,700.0,40.0,50.0,kharif
Cotton(SVPR),black,80.0,120.0,40.0,60.0,40.0,60.0,5.8,8.0,21.0,30.0,50.0,70.0,500.0,700.0,40.0,50.0,kharif
Cotton(K11),black,80.0,120.0,40.0,60.0,40.0,60.0,5.8,8.0,21.0,30.0,50.0,70.0,500.0,700.0,40.0,50.0,kharif
Sugarc.(CO4),clay_loam,250.0,300.0,75.0,100.0,100.0,150.0,6.5,7.5,27.0,38.0,70.0,85.0,1500.0,2500.0,60.0,70.0,annual
Sugarc.(COC),clay_loam,250.0,300.0,75.0,100.0,100.0,150.0,6.5,7.5,27.0,38.0,70.0,85.0,1500.0,2500.0,60.0,70.0,annual
Jute (JRC),clay_loam,60.0,80.0,30.0,40.0,30.0,40.0,6.0,7.5,24.0,35.0,70.0,90.0,1500.0,2000.0,70.0,80.0,kharif
Jute (JRO),clay_loam,60.0,80.0,30.0,40.0,30.0,40.0,6.0,7.5,24.0,35.0,70.0,90.0,1500.0,2000.0,70.0,80.0,kharif
Sunhemp(CO1),sandy_loam,10.0,20.0,30.0,40.0,20.0,30.0,6.0,7.5,25.0,35.0,50.0,70.0,500.0,1000.0,40.0,50.0,kharif
Daincha(CO1),clay,10.0,20.0,30.0,40.0,20.0,30.0,6.0,8.5,25.0,35.0,50.0,80.0,600.0,1200.0,50.0,80.0,kharif
Kolinji(Loc),sandy_loam,10.0,20.0,20.0,30.0,10.0,20.0,6.0,8.0,25.0,40.0,30.0,50.0,400.0,800.0,20.0,40.0,kharif
Teak(Nilamb),loamy,50.0,70.0,30.0,40.0,40.0,50.0,6.5,7.5,25.0,35.0,60.0,80.0,1200.0,2000.0,40.0,50.0,long_term
Teak(TopSl),loamy,50.0,70.0,30.0,40.0,40.0,50.0,6.5,7.5,25.0,35.0,60.0,80.0,1200.0,2000.0,40.0,50.0,long_term
Casuar.(MTP),sandy,20.0,30.0,10.0,20.0,10.0,20.0,6.0,8.0,25.0,35.0,60.0,80.0,800.0,1500.0,40.0,50.0,long_term
Casuar.(MTP),sandy,20.0,30.0,10.0,20.0,10.0,20.0,6.0,8.0,25.0,35.0,60.0,80.0,800.0,1500.0,40.0,50.0,long_term
Eucalyp(MTP),sandy_loam,50.0,70.0,30.0,40.0,30.0,40.0,5.5,6.5,20.0,35.0,50.0,60.0,800.0,1200.0,40.0,50.0,long_term
Melia(MTP 1),red_laterite,40.0,50.0,20.0,30.0,20.0,30.0,5.5,7.0,25.0,35.0,50.0,70.0,800.0,1500.0,40.0,50.0,long_term
Melia(MTP 2),red_laterite,40.0,50.0,20.0,30.0,20.0,30.0,5.5,7.0,25.0,35.0,50.0,70.0,800.0,1500.0,40.0,50.0,long_term
Ailanth(CO),sandy,30.0,40.0,20.0,30.0,20.0,30.0,6.0,8.0,25.0,40.0,40.0,60.0,500.0,1000.0,30.0,50.0,long_term
Neem (Seedl),sandy_loam,20.0,30.0,10.0,20.0,10.0,20.0,6.2,7.0,25.0,40.0,40.0,60.0,400.0,1000.0,30.0,40.0,long_term
Pungam(Clon),sandy_loam,20.0,30.0,20.0,30.0,20.0,30.0,6.0,8.0,25.0,40.0,40.0,60.0,500.0,1000.0,30.0,50.0,long_term
Napier(CO3),loamy,150.0,200.0,40.0,60.0,40.0,60.0,6.0,7.5,25.0,35.0,60.0,80.0,1000.0,1500.0,60.0,70.0,year_round
Napier(CO4),loamy,150.0,200.0,40.0,60.0,40.0,60.0,6.0,7.5,25.0,35.0,60.0,80.0,1000.0,1500.0,60.0,70.0,year_round
Napier(CO5),loamy,150.0,200.0,40.0,60.0,40.0,60.0,6.0,7.5,25.0,35.0,60.0,80.0,1000.0,1500.0,60.0,70.0,year_round
Guinea(CO1),loamy,100.0,120.0,40.0,50.0,40.0,50.0,5.5,7.0,25.0,35.0,60.0,80.0,800.0,1500.0,50.0,70.0,year_round
Guinea(CO2),loamy,100.0,120.0,40.0,50.0,40.0,50.0,5.5,7.0,25.0,35.0,60.0,80.0,800.0,1500.0,50.0,70.0,year_round
Guinea(CO3),loamy,100.0,120.0,40.0,50.0,40.0,50.0,5.5,7.0,25.0,35.0,60.0,80.0,800.0,1500.0,50.0,70.0,year_round
Lucerne(CO1),loamy,20.0,30.0,80.0,100.0,40.0,60.0,6.5,7.5,15.0,25.0,40.0,60.0,500.0,800.0,40.0,50.0,rabi
Desman.(CO1),loamy,10.0,20.0,20.0,30.0,10.0,20.0,6.0,8.0,25.0,35.0,50.0,70.0,500.0,1000.0,40.0,50.0,year_round
Stylo(Towns),sandy_loam,10.0,20.0,20.0,30.0,10.0,20.0,5.5,7.5,25.0,35.0,50.0,70.0,600.0,1200.0,40.0,60.0,year_round
Stylo(Scab),sandy_loam,10.0,20.0,20.0,30.0,10.0,20.0,5.5,7.5,25.0,35.0,50.0,70.0,600.0,1200.0,40.0,60.0,year_round
Agathi(CO1),loamy,20.0,30.0,30.0,40.0,30.0,40.0,6.0,7.5,25.0,35.0,60.0,70.0,800.0,1500.0,50.0,60.0,year_round
Subabul(K8),sandy_loam,10.0,20.0,20.0,30.0,10.0,20.0,6.0,7.5,25.0,35.0,50.0,70.0,600.0,1000.0,40.0,50.0,long_term
Gliricid(Mac),sandy_loam,10.0,20.0,20.0,30.0,10.0,20.0,5.5,7.5,25.0,35.0,50.0,70.0,800.0,1500.0,40.0,50.0,long_term
Gliricid(Sep),sandy_loam,10.0,20.0,20.0,30.0,10.0,20.0,5.5,7.5,25.0,35.0,50.0,70.0,800.0,1500.0,40.0,50.0,long_term
Sesbania Ro.,clay,10.0,20.0,30.0,40.0,20.0,30.0,6.0,8.5,25.0,35.0,50.0,80.0,600.0,1200.0,50.0,80.0,kharif
Cassia Nigr.,sandy_loam,20.0,30.0,20.0,30.0,20.0,30.0,5.5,7.5,25.0,35.0,50.0,70.0,600.0,1200.0,40.0,60.0,long_term
Erythrina V.,loamy,20.0,30.0,20.0,30.0,20.0,30.0,6.0,7.5,25.0,35.0,60.0,80.0,1000.0,2000.0,50.0,60.0,long_term
Albizia Leb.,loamy,20.0,30.0,10.0,20.0,10.0,20.0,6.0,7.5,25.0,40.0,40.0,60.0,600.0,1200.0,30.0,40.0,long_term
Albizia Am.,loamy,20.0,30.0,10.0,20.0,10.0,20.0,6.0,7.5,25.0,40.0,40.0,60.0,600.0,1200.0,30.0,40.0,long_term
Albizia Sa.,loamy,20.0,30.0,10.0,20.0,10.0,20.0,6.0,7.5,25.0,40.0,40.0,60.0,600.0,1200.0,30.0,40.0,long_term
Canna(Yell),sandy_loam,60.0,80.0,40.0,60.0,60.0,80.0,6.0,7.0,25.0,35.0,60.0,80.0,1000.0,1500.0,50.0,60.0,year_round
Canna(Red),sandy_loam,60.0,80.0,40.0,60.0,60.0,80.0,6.0,7.0,25.0,35.0,60.0,80.0,1000.0,1500.0,50.0,60.0,year_round
Canna(Orng),sandy_loam,60.0,80.0,40.0,60.0,60.0,80.0,6.0,7.0,25.0,35.0,60.0,80.0,1000.0,1500.0,50.0,60.0,year_round
Maranta(Sml),loamy,40.0,60.0,30.0,40.0,50.0,60.0,5.5,6.5,25.0,30.0,70.0,80.0,1500.0,2000.0,60.0,70.0,kharif
Maranta(Lrg),loamy,40.0,60.0,30.0,40.0,50.0,60.0,5.5,6.5,25.0,30.0,70.0,80.0,1500.0,2000.0,60.0,70.0,kharif
Dioscorea(W),loamy,80.0,100.0,60.0,80.0,100.0,120.0,5.5,7.0,25.0,30.0,70.0,80.0,1000.0,1500.0,60.0,70.0,kharif
Dioscorea(P),loamy,80.0,100.0,60.0,80.0,100.0,120.0,5.5,7.0,25.0,30.0,70.0,80.0,1000.0,1500.0,60.0,70.0,kharif
Amorph(Gjnd),loamy,80.0,100.0,60.0,80.0,100.0,120.0,5.5,7.0,25.0,30.0,70.0,80.0,1000.0,1500.0,60.0,70.0,kharif
Amorph(Snt),loamy,80.0,100.0,60.0,80.0,100.0,120.0,5.5,7.0,25.0,30.0,70.0,80.0,1000.0,1500.0,60.0,70.0,kharif
Colocas(CO1),clay_loam,80.0,100.0,40.0,60.0,80.0,100.0,5.5,7.0,25.0,30.0,70.0,80.0,1000.0,1500.0,70.0,90.0,kharif
Colocas(Sat),clay_loam,80.0,100.0,40.0,60.0,80.0,100.0,5.5,7.0,25.0,30.0,70.0,80.0,1000.0,1500.0,70.0,90.0,kharif
Coleus(Nidhi),sandy,40.0,60.0,40.0,50.0,60.0,80.0,6.0,7.0,25.0,35.0,60.0,70.0,800.0,1000.0,50.0,60.0,kharif
Coleus(Suh),sandy,40.0,60.0,40.0,50.0,60.0,80.0,6.0,7.0,25.0,35.0,60.0,70.0,800.0,1000.0,50.0,60.0,kharif
Tapioca(Srk),sandy_loam,75.0,90.0,40.0,50.0,100.0,120.0,5.5,6.5,25.0,30.0,60.0,80.0,1000.0,1500.0,50.0,60.0,year_round
Tapioca(Srv),sandy_loam,75.0,90.0,40.0,50.0,100.0,120.0,5.5,6.5,25.0,30.0,60.0,80.0,1000.0,1500.0,50.0,60.0,year_round
SwtPot(SrB),sandy_loam,60.0,80.0,40.0,60.0,80.0,100.0,5.5,6.5,21.0,27.0,60.0,70.0,700.0,1000.0,50.0,60.0,kharif
SwtPot(SrN),sandy_loam,60.0,80.0,40.0,60.0,80.0,100.0,5.5,6.5,21.0,27.0,60.0,70.0,700.0,1000.0,50.0,60.0,kharif
Arrowrt(Lcl),sandy_loam,40.0,50.0,30.0,40.0,60.0,80.0,5.5,6.5,25.0,30.0,70.0,80.0,1500.0,2000.0,60.0,70.0,kharif
Aloe(Barba),sandy,40.0,50.0,40.0,50.0,40.0,50.0,7.0,8.5,25.0,40.0,30.0,40.0,300.0,500.0,20.0,30.0,year_round
Aloe(Ferox),sandy,40.0,50.0,40.0,50.0,40.0,50.0,7.0,8.5,25.0,40.0,30.0,40.0,300.0,500.0,20.0,30.0,year_round
Vetiver(KS1),sandy,40.0,60.0,20.0,30.0,20.0,30.0,6.5,8.0,25.0,35.0,50.0,60.0,1000.0,1500.0,40.0,50.0,year_round
Vetiver(KS2),sandy,40.0,60.0,20.0,30.0,20.0,30.0,6.5,8.0,25.0,35.0,50.0,60.0,1000.0,1500.0,40.0,50.0,year_round
LemonGr(K1),red_laterite,100.0,120.0,40.0,50.0,40.0,50.0,5.5,7.5,20.0,30.0,70.0,80.0,1500.0,2500.0,60.0,70.0,year_round
LemonGr(S1),red_laterite,100.0,120.0,40.0,50.0,40.0,50.0,5.5,7.5,20.0,30.0,70.0,80.0,1500.0,2500.0,60.0,70.0,year_round
Citron(Mnd),sandy_loam,100.0,120.0,40.0,50.0,40.0,50.0,5.8,6.5,20.0,30.0,70.0,80.0,1500.0,2000.0,60.0,70.0,year_round
Citron(Mjr),sandy_loam,100.0,120.0,40.0,50.0,40.0,50.0,5.8,6.5,20.0,30.0,70.0,80.0,1500.0,2000.0,60.0,70.0,year_round
Palmar(Moti),loamy,80.0,100.0,40.0,50.0,40.0,50.0,6.0,7.5,25.0,35.0,50.0,70.0,800.0,1500.0,50.0,60.0,year_round
Palmar(Tna),loamy,80.0,100.0,40.0,50.0,40.0,50.0,6.0,7.5,25.0,35.0,50.0,70.0,800.0,1500.0,50.0,60.0,year_round
Patcho(Joh),loamy,100.0,120.0,40.0,50.0,40.0,50.0,5.5,6.5,25.0,30.0,70.0,80.0,1500.0,2000.0,60.0,70.0,year_round
Patcho(Sam),loamy,100.0,120.0,40.0,50.0,40.0,50.0,5.5,6.5,25.0,30.0,70.0,80.0,1500.0,2000.0,60.0,70.0,year_round
Mint(Jpn),loamy,80.0,100.0,40.0,50.0,40.0,50.0,6.0,7.0,20.0,30.0,60.0,80.0,800.0,1000.0,60.0,70.0,year_round
Mint(Pip),loamy,80.0,100.0,40.0,50.0,40.0,50.0,6.0,7.0,20.0,30.0,60.0,80.0,800.0,1000.0,60.0,70.0,year_round
Basil(Frn),sandy_loam,80.0,100.0,40.0,50.0,40.0,50.0,6.0,7.5,25.0,35.0,50.0,70.0,600.0,1000.0,40.0,60.0,kharif
Basil(Swt),sandy_loam,80.0,100.0,40.0,50.0,40.0,50.0,6.0,7.5,25.0,35.0,50.0,70.0,600.0,1000.0,40.0,60.0,kharif
Senna(ALFT),sandy,40.0,50.0,20.0,30.0,20.0,30.0,7.0,8.5,25.0,40.0,30.0,40.0,300.0,500.0,20.0,30.0,kharif
Senna(Sona),sandy,40.0,50.0,20.0,30.0,20.0,30.0,7.0,8.5,25.0,40.0,30.0,40.0,300.0,500.0,20.0,30.0,kharif
Periw(Dhw),sandy_loam,40.0,50.0,20.0,30.0,20.0,30.0,6.0,7.0,25.0,35.0,50.0,60.0,800.0,1000.0,40.0,50.0,kharif
Periw(Nirm),sandy_loam,40.0,50.0,20.0,30.0,20.0,30.0,6.0,7.0,25.0,35.0,50.0,60.0,800.0,1000.0,40.0,50.0,kharif
Coleus(KMN),sandy_loam,30.0,40.0,40.0,50.0,40.0,50.0,5.5,7.0,20.0,30.0,60.0,70.0,800.0,1200.0,50.0,60.0,kharif
Coleus(Man),sandy_loam,30.0,40.0,40.0,50.0,40.0,50.0,5.5,7.0,20.0,30.0,60.0,70.0,800.0,1200.0,50.0,60.0,kharif
Aswagan(W),sandy_loam,20.0,30.0,20.0,30.0,10.0,20.0,7.5,8.0,25.0,35.0,40.0,50.0,500.0,700.0,30.0,40.0,kharif
Aswagan(P),sandy_loam,20.0,30.0,20.0,30.0,10.0,20.0,7.5,8.0,25.0,35.0,40.0,50.0,500.0,700.0,30.0,40.0,kharif
SafedM(MC),sandy_loam,40.0,50.0,30.0,40.0,30.0,40.0,6.5,7.5,25.0,35.0,50.0,70.0,800.0,1200.0,40.0,60.0,kharif
SafedM(MD),sandy_loam,40.0,50.0,30.0,40.0,30.0,40.0,6.5,7.5,25.0,35.0,50.0,70.0,800.0,1200.0,40.0,60.0,kharif
Kalmegh(Lcl),red_laterite,20.0,30.0,20.0,30.0,10.0,20.0,6.0,7.5,25.0,35.0,50.0,70.0,600.0,1000.0,40.0,50.0,kharif
Kalmegh(CIM),red_laterite,20.0,30.0,20.0,30.0,10.0,20.0,6.0,7.5,25.0,35.0,50.0,70.0,600.0,1000.0,40.0,50.0,kharif
Gloriosa(Lcl),sandy_loam,40.0,60.0,30.0,40.0,40.0,60.0,6.0,7.0,25.0,35.0,50.0,70.0,600.0,1000.0,40.0,60.0,kharif
Gloriosa(CIM),sandy_loam,40.0,60.0,30.0,40.0,40.0,60.0,6.0,7.0,25.0,35.0,50.0,70.0,600.0,1000.0,40.0,60.0,kharif
Plumbago(W),sandy_loam,20.0,30.0,20.0,30.0,20.0,30.0,6.0,7.5,25.0,35.0,50.0,70.0,600.0,1000.0,40.0,60.0,year_round
Plumbago(R),sandy_loam,20.0,30.0,20.0,30.0,20.0,30.0,6.0,7.5,25.0,35.0,50.0,70.0,600.0,1000.0,40.0,60.0,year_round
Rauvolf(Lcl),loamy,20.0,30.0,20.0,30.0,20.0,30.0,6.0,7.5,20.0,30.0,70.0,80.0,1500.0,2500.0,60.0,70.0,kharif
Rauvolf(RS1),loamy,20.0,30.0,20.0,30.0,20.0,30.0,6.0,7.5,20.0,30.0,70.0,80.0,1500.0,2500.0,60.0,70.0,kharif
Gymnema(Lcl),sandy_loam,20.0,30.0,20.0,30.0,20.0,30.0,6.0,7.5,25.0,35.0,50.0,70.0,600.0,1000.0,40.0,60.0,year_round
Gymnema(CIM),sandy_loam,20.0,30.0,20.0,30.0,20.0,30.0,6.0,7.5,25.0,35.0,50.0,70.0,600.0,1000.0,40.0,60.0,year_round
Cissus(4Ang),sandy,20.0,30.0,20.0,30.0,20.0,30.0,6.5,8.0,25.0,40.0,40.0,50.0,300.0,600.0,20.0,30.0,year_round
Cissus(Flat),sandy,20.0,30.0,20.0,30.0,20.0,30.0,6.5,8.0,25.0,40.0,40.0,50.0,300.0,600.0,20.0,30.0,year_round
Hemides(Lcl),sandy_loam,20.0,30.0,20.0,30.0,20.0,30.0,6.0,7.5,25.0,35.0,50.0,70.0,800.0,1500.0,40.0,50.0,year_round
Hemides(CIM),sandy_loam,20.0,30.0,20.0,30.0,20.0,30.0,6.0,7.5,25.0,35.0,50.0,70.0,800.0,1500.0,40.0,50.0,year_round
Centella(Lcl),loamy,40.0,60.0,20.0,30.0,20.0,30.0,5.5,7.0,25.0,35.0,70.0,90.0,1000.0,2000.0,70.0,90.0,year_round
Centella(CIM),loamy,40.0,60.0,20.0,30.0,20.0,30.0,5.5,7.0,25.0,35.0,70.0,90.0,1000.0,2000.0,70.0,90.0,year_round
Paddy (Rice),clay,120.0,150.0,40.0,60.0,40.0,60.0,5.5,6.5,25.0,35.0,60.0,80.0,1000.0,1500.0,80.0,100.0,kharif___rabi
Sugarcane,clay_loam,250.0,300.0,75.0,100.0,100.0,150.0,6.5,7.5,27.0,38.0,70.0,85.0,1500.0,2500.0,60.0,70.0,annual
Cotton,black,80.0,120.0,40.0,60.0,40.0,60.0,5.8,8.0,21.0,30.0,50.0,70.0,500.0,700.0,40.0,50.0,kharif
Groundnut,sandy_loam,15.0,25.0,40.0,60.0,60.0,80.0,6.0,6.5,25.0,30.0,50.0,70.0,500.0,700.0,40.0,50.0,kharif___rabi
Maize (Corn),loamy,120.0,150.0,60.0,80.0,40.0,60.0,5.8,7.0,21.0,27.0,55.0,75.0,500.0,800.0,50.0,60.0,kharif___rabi
Sorghum,black,60.0,90.0,30.0,40.0,30.0,40.0,6.0,8.5,25.0,32.0,40.0,60.0,400.0,600.0,30.0,40.0,kharif___rabi
Tomato,loamy,100.0,150.0,60.0,80.0,80.0,100.0,6.0,7.0,21.0,28.0,60.0,70.0,600.0,800.0,50.0,60.0,year-round
Onion,sandy_loam,80.0,100.0,40.0,50.0,50.0,60.0,6.5,7.0,15.0,25.0,50.0,70.0,350.0,500.0,40.0,50.0,rabi
Brinjal,loamy,100.0,120.0,50.0,60.0,50.0,60.0,5.5,6.8,25.0,32.0,60.0,70.0,500.0,700.0,50.0,60.0,kharif___rabi
Chilli,black,120.0,150.0,60.0,80.0,60.0,80.0,6.0,7.0,20.0,30.0,50.0,65.0,600.0,800.0,40.0,50.0,kharif___rabi
Turmeric,loamy,120.0,150.0,50.0,60.0,90.0,120.0,4.5,7.5,20.0,35.0,70.0,90.0,1500.0,2200.0,60.0,70.0,kharif
Banana,clay_loam,200.0,250.0,40.0,50.0,250.0,300.0,6.5,7.5,25.0,35.0,75.0,85.0,1500.0,2500.0,70.0,80.0,year-round
Mango,red_laterite,75.0,100.0,20.0,30.0,75.0,100.0,5.5,7.5,24.0,30.0,50.0,80.0,700.0,2500.0,40.0,50.0,summer
Black Gram,black,20.0,25.0,40.0,50.0,20.0,30.0,5.5,7.5,25.0,35.0,60.0,70.0,400.0,600.0,30.0,40.0,kharif___rabi
Tapioca,sandy_loam,75.0,90.0,40.0,50.0,100.0,120.0,5.5,6.5,25.0,30.0,60.0,80.0,1000.0,1500.0,50.0,60.0,year-round
Pearl Millet,sandy,40.0,60.0,20.0,30.0,20.0,30.0,6.5,8.0,25.0,35.0,40.0,50.0,400.0,600.0,30.0,40.0,kharif
Finger Millet,red_laterite,40.0,60.0,20.0,30.0,20.0,30.0,5.0,8.2,20.0,30.0,50.0,70.0,500.0,700.0,40.0,50.0,kharif___rabi
Foxtail Millet,sandy_loam,40.0,50.0,20.0,30.0,15.0,20.0,5.5,7.5,25.0,30.0,40.0,60.0,300.0,500.0,30.0,40.0,kharif
Kodo Millet,sandy_loam,20.0,40.0,15.0,20.0,15.0,20.0,5.5,7.0,25.0,30.0,40.0,50.0,400.0,500.0,30.0,40.0,kharif
Barnyard Millet,sandy_loam,30.0,40.0,15.0,20.0,15.0,20.0,5.5,7.5,20.0,25.0,50.0,60.0,400.0,600.0,35.0,45.0,kharif
Little Millet,sandy_loam,20.0,30.0,15.0,20.0,15.0,20.0,5.0,7.5,25.0,35.0,40.0,50.0,300.0,400.0,30.0,40.0,kharif
Wheat,clay_loam,100.0,120.0,40.0,60.0,40.0,60.0,6.0,7.0,15.0,25.0,40.0,60.0,500.0,700.0,40.0,50.0,rabi
Jute,clay_loam,60.0,80.0,30.0,40.0,30.0,40.0,6.0,7.5,24.0,35.0,70.0,90.0,1500.0,2000.0,70.0,80.0,kharif
Sunflower,black,60.0,80.0,40.0,60.0,40.0,60.0,6.5,8.0,20.0,30.0,50.0,60.0,500.0,700.0,40.0,50.0,kharif___rabi
Safflower,black,40.0,60.0,20.0,30.0,20.0,30.0,6.5,7.5,15.0,25.0,40.0,50.0,300.0,450.0,30.0,40.0,rabi
Sesame,sandy_loam,30.0,40.0,20.0,30.0,20.0,30.0,5.5,8.0,25.0,35.0,50.0,60.0,400.0,600.0,30.0,40.0,kharif___zaid
Castor,loamy,40.0,60.0,30.0,40.0,20.0,30.0,5.0,6.5,20.0,30.0,40.0,60.0,500.0,700.0,40.0,50.0,kharif
Linseed (Flax),clay_loam,40.0,50.0,20.0,30.0,20.0,30.0,5.0,7.0,15.0,25.0,40.0,50.0,450.0,600.0,35.0,45.0,rabi
Mustard,sandy_loam,60.0,80.0,30.0,40.0,30.0,40.0,6.0,7.5,15.0,25.0,40.0,60.0,300.0,450.0,30.0,40.0,rabi
Soybean,loamy,20.0,30.0,60.0,80.0,40.0,60.0,6.0,6.5,20.0,30.0,50.0,70.0,600.0,800.0,45.0,55.0,kharif
Red Gram,loamy,20.0,30.0,40.0,50.0,20.0,30.0,6.0,7.5,20.0,30.0,50.0,60.0,600.0,800.0,40.0,50.0,kharif
Green Gram,loamy,15.0,20.0,30.0,40.0,15.0,20.0,6.5,7.5,25.0,35.0,50.0,60.0,400.0,600.0,35.0,45.0,kharif___zaid
Bengal Gram,clay_loam,15.0,20.0,30.0,40.0,15.0,20.0,6.0,7.0,15.0,25.0,40.0,50.0,300.0,450.0,30.0,40.0,rabi
Cowpea,sandy_loam,15.0,20.0,30.0,40.0,15.0,20.0,5.5,6.5,20.0,30.0,50.0,60.0,400.0,600.0,40.0,50.0,kharif___zaid
Horse Gram,sandy_loam,10.0,15.0,20.0,30.0,10.0,15.0,5.0,7.5,25.0,30.0,40.0,50.0,300.0,400.0,30.0,40.0,kharif___rabi
Capsicum,sandy_loam,100.0,120.0,60.0,80.0,60.0,80.0,6.0,6.5,20.0,25.0,60.0,70.0,600.0,800.0,50.0,60.0,kharif___rabi
Garlic,sandy_loam,80.0,100.0,40.0,50.0,40.0,50.0,6.0,7.0,15.0,25.0,50.0,60.0,400.0,600.0,45.0,55.0,rabi
Bhendi (Okra),loamy,80.0,100.0,40.0,60.0,40.0,60.0,6.0,6.8,22.0,35.0,60.0,70.0,500.0,700.0,50.0,60.0,kharif___zaid
Cabbage,clay_loam,120.0,150.0,60.0,80.0,60.0,80.0,6.0,6.5,15.0,20.0,60.0,80.0,400.0,600.0,55.0,65.0,rabi
Cauliflower,clay_loam,120.0,150.0,60.0,80.0,60.0,80.0,5.5,6.6,15.0,20.0,60.0,80.0,400.0,600.0,55.0,65.0,rabi
Radish,sandy_loam,60.0,80.0,40.0,50.0,40.0,50.0,5.5,6.8,15.0,25.0,50.0,70.0,400.0,500.0,50.0,60.0,rabi
Carrot,sandy_loam,80.0,100.0,40.0,60.0,80.0,100.0,5.5,7.0,15.0,20.0,50.0,70.0,400.0,600.0,50.0,60.0,rabi
Beetroot,loamy,80.0,100.0,50.0,70.0,80.0,100.0,6.0,7.5,15.0,22.0,50.0,70.0,400.0,600.0,50.0,60.0,rabi
Turnip,loamy,60.0,80.0,40.0,50.0,40.0,50.0,5.5,6.8,10.0,15.0,60.0,70.0,300.0,500.0,50.0,60.0,rabi
Potato,sandy_loam,120.0,150.0,80.0,100.0,100.0,120.0,5.0,6.5,15.0,25.0,60.0,80.0,500.0,700.0,55.0,65.0,rabi
Sweet Potato,sandy_loam,60.0,80.0,40.0,60.0,80.0,100.0,5.5,6.5,21.0,27.0,60.0,70.0,700.0,1000.0,50.0,60.0,kharif
Yam (Elephant),loamy,80.0,100.0,60.0,80.0,100.0,120.0,5.5,7.0,25.0,30.0,70.0,80.0,1000.0,1500.0,60.0,70.0,kharif
Colocasia,clay_loam,80.0,100.0,40.0,60.0,80.0,100.0,5.5,7.0,25.0,30.0,70.0,80.0,1000.0,1500.0,70.0,80.0,kharif
Papaya,sandy_loam,200.0,250.0,200.0,250.0,200.0,250.0,6.0,6.5,25.0,30.0,60.0,70.0,1000.0,1500.0,50.0,60.0,year-round
Guava,loamy,100.0,150.0,50.0,100.0,100.0,150.0,4.5,8.2,20.0,30.0,50.0,70.0,1000.0,1500.0,40.0,50.0,year-round
Sapota,sandy_loam,150.0,200.0,50.0,100.0,100.0,150.0,6.0,8.0,25.0,35.0,50.0,70.0,1000.0,1500.0,40.0,50.0,year-round
Pomegranate,sandy_loam,100.0,150.0,50.0,75.0,50.0,75.0,6.5,8.0,25.0,35.0,40.0,50.0,500.0,800.0,30.0,40.0,year-round
Grapes,loamy,150.0,200.0,100.0,150.0,150.0,200.0,6.5,7.5,15.0,40.0,40.0,60.0,500.0,900.0,40.0,50.0,summer
Sweet Orange,loamy,150.0,200.0,50.0,70.0,100.0,150.0,6.0,7.5,15.0,35.0,50.0,60.0,750.0,1000.0,40.0,50.0,winter
Lemon/Lime,loamy,150.0,200.0,50.0,70.0,100.0,150.0,5.5,7.0,20.0,30.0,50.0,60.0,700.0,1200.0,40.0,50.0,year-round
Pineapple,red_laterite,150.0,200.0,50.0,70.0,150.0,200.0,5.0,6.0,22.0,32.0,70.0,80.0,1500.0,2500.0,60.0,70.0,year-round
Jackfruit,loamy,100.0,150.0,50.0,70.0,50.0,100.0,6.0,7.5,25.0,35.0,60.0,80.0,1500.0,2000.0,50.0,60.0,summer
Watermelon,sandy_loam,80.0,100.0,40.0,60.0,40.0,60.0,6.0,7.0,25.0,35.0,40.0,50.0,400.0,600.0,40.0,50.0,zaid___sum
Muskmelon,sandy_loam,60.0,80.0,40.0,50.0,40.0,50.0,6.0,7.0,25.0,35.0,40.0,50.0,300.0,500.0,40.0,50.0,zaid___sum
Custard Apple,sandy,50.0,70.0,30.0,40.0,30.0,40.0,6.0,8.0,25.0,35.0,40.0,60.0,500.0,800.0,30.0,40.0,late_sum
Fig,clay_loam,80.0,100.0,40.0,50.0,60.0,80.0,6.0,7.0,25.0,35.0,40.0,50.0,500.0,700.0,40.0,50.0,summer
Amla,sandy_loam,50.0,70.0,30.0,40.0,40.0,50.0,6.5,8.0,25.0,35.0,40.0,50.0,600.0,800.0,30.0,40.0,winter
Bitter Gourd,sandy_loam,80.0,100.0,40.0,60.0,40.0,60.0,6.0,7.0,25.0,35.0,60.0,70.0,500.0,700.0,50.0,60.0,kharif___zaid
Bottle Gourd,sandy_loam,80.0,100.0,40.0,60.0,40.0,60.0,6.5,7.5,25.0,35.0,60.0,70.0,500.0,700.0,50.0,60.0,kharif___zaid
Ridge Gourd,loamy,80.0,100.0,40.0,50.0,40.0,50.0,6.5,7.0,25.0,35.0,60.0,70.0,500.0,700.0,50.0,60.0,kharif___zaid
Snake Gourd,sandy_loam,80.0,100.0,40.0,50.0,40.0,50.0,6.5,7.5,25.0,35.0,60.0,70.0,500.0,700.0,50.0,60.0,kharif___zaid
Pumpkin,sandy_loam,80.0,100.0,40.0,60.0,40.0,60.0,6.0,7.0,25.0,30.0,50.0,60.0,500.0,700.0,50.0,60.0,kharif___zaid
Ash Gourd,sandy_loam,80.0,100.0,40.0,50.0,40.0,50.0,6.0,7.0,25.0,35.0,50.0,60.0,500.0,700.0,50.0,60.0,kharif___zaid
Cucumber,sandy_loam,60.0,80.0,40.0,50.0,40.0,50.0,6.0,7.0,20.0,30.0,60.0,70.0,400.0,600.0,50.0,60.0,kharif___zaid
Spinach,loamy,80.0,100.0,40.0,60.0,40.0,60.0,6.0,7.0,15.0,20.0,60.0,80.0,400.0,500.0,60.0,70.0,rabi
Amaranthus,loamy,60.0,80.0,30.0,40.0,30.0,40.0,5.5,7.5,25.0,35.0,50.0,70.0,400.0,600.0,50.0,60.0,year-round
Fenugreek,clay_loam,20.0,30.0,40.0,50.0,20.0,30.0,6.0,7.0,15.0,25.0,50.0,60.0,300.0,400.0,40.0,50.0,rabi
Coriander,loamy,30.0,40.0,30.0,40.0,20.0,30.0,6.0,7.0,15.0,25.0,50.0,60.0,400.0,500.0,40.0,50.0,rabi
Mint,loamy,80.0,100.0,40.0,50.0,40.0,50.0,6.0,7.0,20.0,30.0,60.0,80.0,800.0,1000.0,60.0,70.0,year-round
Ginger,loamy,75.0,100.0,50.0,75.0,50.0,75.0,5.5,6.5,25.0,30.0,70.0,90.0,1500.0,2000.0,60.0,70.0,kharif
Black Pepper,red_laterite,100.0,120.0,40.0,50.0,120.0,140.0,5.5,6.5,20.0,30.0,70.0,90.0,2000.0,3000.0,70.0,80.0,year-round
Cardamom,peaty,75.0,100.0,75.0,100.0,150.0,200.0,5.0,6.5,15.0,25.0,75.0,90.0,1500.0,4000.0,70.0,80.0,year-round
Clove,clay_loam,200.0,250.0,200.0,250.0,400.0,500.0,5.5,7.0,20.0,30.0,70.0,80.0,1500.0,2500.0,60.0,70.0,year-round
Nutmeg,clay_loam,200.0,250.0,100.0,150.0,200.0,250.0,6.0,7.0,20.0,30.0,70.0,80.0,1500.0,2500.0,60.0,70.0,year-round
Cinnamon,red_laterite,200.0,250.0,100.0,150.0,100.0,150.0,5.0,6.5,20.0,30.0,70.0,80.0,1500.0,2500.0,60.0,70.0,year-round
Cumin,sandy_loam,30.0,40.0,20.0,30.0,15.0,20.0,7.0,8.0,15.0,25.0,40.0,50.0,200.0,300.0,30.0,40.0,rabi
Fennel,loamy,60.0,80.0,40.0,50.0,40.0,50.0,6.5,8.0,15.0,25.0,40.0,50.0,300.0,500.0,30.0,40.0,rabi
Mustard (Spice),loamy,60.0,80.0,30.0,40.0,30.0,40.0,6.0,7.5,15.0,25.0,40.0,50.0,300.0,450.0,30.0,40.0,rabi
Curry Leaf,sandy_loam,80.0,100.0,40.0,50.0,40.0,50.0,6.0,7.0,25.0,35.0,50.0,60.0,800.0,1000.0,50.0,60.0,year-round
Tea,red_laterite,100.0,150.0,40.0,50.0,60.0,80.0,4.5,5.5,15.0,25.0,70.0,90.0,2000.0,3000.0,70.0,80.0,year-round
Coffee,red_laterite,100.0,120.0,75.0,90.0,100.0,120.0,5.5,6.5,15.0,25.0,70.0,80.0,1500.0,2000.0,60.0,70.0,year-round
Cocoa,clay_loam,100.0,120.0,40.0,50.0,100.0,120.0,6.0,7.0,25.0,30.0,80.0,90.0,1500.0,2000.0,70.0,80.0,year-round
Rubber,red_laterite,30.0,40.0,30.0,40.0,30.0,40.0,4.5,6.0,25.0,35.0,75.0,85.0,2000.0,3000.0,70.0,80.0,year-round
Coconut,sandy,500.0,600.0,300.0,400.0,1000.0,1200.0,5.2,8.0,25.0,30.0,70.0,80.0,1500.0,2500.0,60.0,70.0,year-round
Arecanut,red_laterite,100.0,150.0,40.0,60.0,100.0,150.0,5.5,7.0,20.0,30.0,70.0,80.0,2000.0,3000.0,60.0,70.0,year-round
Oil Palm,loamy,800.0,1000.0,400.0,500.0,1000.0,1200.0,5.5,7.0,25.0,35.0,75.0,85.0,2000.0,3000.0,70.0,80.0,year-round
Cashew,red_laterite,250.0,500.0,125.0,250.0,125.0,250.0,5.0,6.5,25.0,35.0,60.0,70.0,1000.0,2000.0,40.0,50.0,year-round
Jasmine,sandy_loam,100.0,120.0,100.0,120.0,100.0,120.0,6.0,7.0,25.0,35.0,60.0,70.0,800.0,1000.0,50.0,60.0,year-round
Marigold,sandy_loam,80.0,100.0,80.0,100.0,80.0,100.0,6.5,7.5,15.0,30.0,50.0,60.0,500.0,700.0,40.0,50.0,year-round
Rose,loamy,150.0,200.0,100.0,150.0,150.0,200.0,6.0,7.0,15.0,28.0,50.0,60.0,600.0,800.0,50.0,60.0,year-round
Chrysanthemum,sandy_loam,100.0,150.0,100.0,150.0,100.0,150.0,6.0,7.0,15.0,25.0,50.0,60.0,500.0,700.0,50.0,60.0,winter
Tuberose,loamy,100.0,150.0,80.0,100.0,80.0,100.0,6.5,7.5,20.0,30.0,60.0,70.0,600.0,800.0,50.0,60.0,sum_rainy
Crossandra,sandy_loam,60.0,80.0,40.0,60.0,40.0,60.0,6.0,7.0,25.0,35.0,50.0,60.0,600.0,800.0,40.0,50.0,year-round
Aloe Vera,sandy,40.0,50.0,40.0,50.0,40.0,50.0,7.0,8.5,25.0,40.0,30.0,40.0,300.0,500.0,20.0,30.0,year-round
Ashwagandha,sandy_loam,20.0,30.0,20.0,30.0,10.0,20.0,7.5,8.0,25.0,35.0,40.0,50.0,500.0,700.0,30.0,40.0,kharif
Tulsi,sandy_loam,100.0,120.0,50.0,60.0,50.0,60.0,6.0,7.5,25.0,35.0,60.0,70.0,700.0,1000.0,50.0,60.0,kharif
Lemon Grass,red_laterite,100.0,120.0,40.0,50.0,40.0,50.0,5.5,7.5,20.0,30.0,70.0,80.0,1500.0,2500.0,60.0,70.0,year-round
Vetiver,sandy,40.0,60.0,20.0,30.0,20.0,30.0,6.5,8.0,25.0,35.0,50.0,60.0,1000.0,1500.0,40.0,50.0,year-round
Citronella,sandy_loam,100.0,120.0,40.0,50.0,40.0,50.0,5.8,6.5,20.0,30.0,70.0,80.0,1500.0,2000.0,60.0,70.0,year-round
Patchouli,loamy,100.0,120.0,40.0,50.0,40.0,50.0,5.5,6.5,25.0,30.0,70.0,80.0,1500.0,2000.0,60.0,70.0,year-round
Senna,sandy,40.0,50.0,20.0,30.0,20.0,30.0,7.0,8.5,25.0,40.0,30.0,40.0,300.0,500.0,20.0,30.0,kharif
Periwinkle,sandy_loam,40.0,50.0,20.0,30.0,20.0,30.0,6.0,7.0,25.0,35.0,50.0,60.0,800.0,1000.0,40.0,50.0,kharif
Coleus,sandy_loam,30.0,40.0,40.0,50.0,40.0,50.0,5.5,7.0,20.0,30.0,60.0,70.0,800.0,1200.0,50.0,60.0,kharif
Teak,loamy,50.0,70.0,20.0,30.0,30.0,40.0,6.5,7.5,25.0,35.0,60.0,80.0,1200.0,2000.0,40.0,50.0,long_term
Neem,sandy_loam,20.0,30.0,10.0,20.0,10.0,20.0,6.2,7.0,25.0,40.0,40.0,60.0,400.0,1000.0,30.0,40.0,long_term
Eucalyptus,sandy_loam,50.0,70.0,30.0,40.0,30.0,40.0,5.5,6.5,20.0,35.0,50.0,60.0,800.0,1200.0,40.0,50.0,long_term
Bamboo,loamy,40.0,60.0,20.0,30.0,20.0,30.0,5.0,6.5,20.0,35.0,60.0,80.0,1200.0,2500.0,50.0,60.0,long_term
Sandalwood,red_laterite,20.0,30.0,10.0,20.0,10.0,20.0,6.0,7.5,25.0,35.0,50.0,60.0,600.0,1200.0,30.0,40.0,long_term
Casuarina,sandy,20.0,30.0,10.0,20.0,10.0,20.0,6.0,8.0,25.0,35.0,60.0,80.0,800.0,1500.0,40.0,50.0,long_term
Silver Oak,loamy,30.0,40.0,20.0,30.0,20.0,30.0,5.5,6.5,15.0,25.0,60.0,80.0,1000.0,2000.0,50.0,60.0,long_term
Subabul,sandy_loam,10.0,20.0,20.0,30.0,10.0,20.0,6.0,7.5,25.0,35.0,50.0,70.0,600.0,1000.0,40.0,50.0,long_term
Melia Dubia,red_laterite,40.0,50.0,20.0,30.0,20.0,30.0,5.5,7.0,25.0,35.0,50.0,70.0,800.0,1500.0,40.0,50.0,long_term
Tamarind,loamy,30.0,40.0,20.0,30.0,20.0,30.0,5.5,7.5,25.0,40.0,40.0,60.0,500.0,1500.0,30.0,40.0,long_term
Banyan,clay_loam,20.0,30.0,10.0,20.0,10.0,20.0,6.0,8.0,25.0,40.0,40.0,60.0,500.0,1500.0,30.0,40.0,long_term
Peepal,loamy,20.0,30.0,10.0,20.0,10.0,20.0,6.0,8.0,25.0,40.0,40.0,60.0,500.0,1500.0,30.0,40.0,long_term
Red Sanders,red_laterite,20.0,30.0,10.0,20.0,10.0,20.0,6.0,7.5,25.0,40.0,40.0,50.0,500.0,1000.0,20.0,30.0,long_term
Rosewood,loamy,30.0,40.0,20.0,30.0,20.0,30.0,5.5,7.0,20.0,35.0,60.0,80.0,1000.0,2500.0,40.0,50.0,long_term
Mahogany,clay_loam,40.0,50.0,20.0,30.0,20.0,30.0,6.0,7.5,20.0,30.0,60.0,80.0,1500.0,2500.0,50.0,60.0,long_term
Napier Grass,loamy,150.0,200.0,40.0,60.0,40.0,60.0,6.0,7.5,25.0,35.0,60.0,80.0,1000.0,1500.0,60.0,70.0,year-round
Lucerne,loamy,20.0,30.0,80.0,100.0,40.0,60.0,6.5,7.5,15.0,25.0,40.0,60.0,500.0,800.0,40.0,50.0,rabi
Berseem,clay,20.0,30.0,60.0,80.0,30.0,40.0,6.5,8.0,15.0,25.0,50.0,60.0,400.0,600.0,50.0,60.0,rabi
Guinea Grass,sandy_loam,100.0,120.0,40.0,50.0,40.0,50.0,5.5,7.0,25.0,35.0,60.0,70.0,800.0,1200.0,50.0,60.0,year-round
Broccoli,loamy,120.0,150.0,60.0,80.0,60.0,80.0,6.0,6.8,15.0,20.0,60.0,80.0,400.0,600.0,55.0,65.0,rabi
Lettuce,sandy_loam,80.0,100.0,40.0,60.0,40.0,60.0,6.0,7.0,15.0,20.0,60.0,70.0,400.0,500.0,60.0,70.0,rabi
Celery,peaty,100.0,120.0,60.0,80.0,80.0,100.0,6.0,7.0,15.0,20.0,70.0,80.0,600.0,800.0,70.0,80.0,rabi
Asparagus,sandy_loam,80.0,100.0,40.0,60.0,60.0,80.0,6.5,7.5,15.0,25.0,50.0,60.0,500.0,700.0,50.0,60.0,spring
Leek,loamy,100.0,120.0,60.0,80.0,80.0,100.0,6.0,7.0,15.0,25.0,60.0,70.0,500.0,700.0,60.0,70.0,rabi
Pea (Green),loamy,20.0,30.0,50.0,60.0,40.0,50.0,6.0,7.5,15.0,20.0,50.0,60.0,400.0,600.0,40.0,50.0,rabi
French Bean,loamy,40.0,50.0,60.0,80.0,40.0,50.0,5.5,6.5,15.0,25.0,60.0,70.0,500.0,700.0,50.0,60.0,kharif_rabi
Broad Bean,clay_loam,20.0,30.0,50.0,60.0,40.0,50.0,6.0,7.0,15.0,25.0,60.0,70.0,500.0,800.0,50.0,60.0,rabi
Cluster Bean,sandy_loam,20.0,30.0,40.0,50.0,20.0,30.0,7.0,8.0,25.0,35.0,40.0,50.0,300.0,400.0,30.0,40.0,kharif
Drumstick,sandy_loam,50.0,80.0,30.0,40.0,30.0,40.0,6.0,7.5,25.0,35.0,50.0,70.0,500.0,1000.0,40.0,50.0,year-round
Ivy Gourd,sandy_loam,60.0,80.0,40.0,50.0,40.0,50.0,6.0,6.5,25.0,30.0,60.0,70.0,600.0,800.0,50.0,60.0,year-round
Pointed Gourd,sandy_loam,80.0,100.0,40.0,60.0,40.0,60.0,6.0,7.0,25.0,35.0,60.0,80.0,1000.0,1500.0,50.0,60.0,sum_rainy
Little Gourd,sandy_loam,60.0,80.0,40.0,50.0,40.0,50.0,6.0,7.0,25.0,30.0,60.0,70.0,600.0,800.0,50.0,60.0,sum_rainy
Curry Banana,clay_loam,150.0,200.0,40.0,50.0,200.0,250.0,6.5,7.5,25.0,35.0,75.0,85.0,1500.0,2500.0,70.0,80.0,year-round
Plantain,clay_loam,150.0,200.0,40.0,50.0,200.0,250.0,6.5,7.5,25.0,35.0,75.0,85.0,1500.0,2500.0,70.0,80.0,year-round
Rose Apple,clay_loam,80.0,100.0,40.0,50.0,40.0,50.0,5.5,7.0,25.0,35.0,70.0,80.0,1500.0,2500.0,60.0,70.0,summer
Bael,sandy_loam,50.0,60.0,30.0,40.0,30.0,40.0,6.0,8.0,25.0,40.0,40.0,60.0,500.0,800.0,30.0,40.0,summer
Jamun,loamy,80.0,100.0,40.0,50.0,40.0,50.0,6.0,7.5,25.0,35.0,50.0,70.0,800.0,1500.0,40.0,50.0,summer
Phalsa,sandy_loam,50.0,60.0,30.0,40.0,30.0,40.0,6.0,7.5,25.0,40.0,40.0,60.0,500.0,800.0,30.0,40.0,summer
Karonda,sandy_loam,40.0,50.0,20.0,30.0,20.0,30.0,6.0,8.0,25.0,40.0,30.0,50.0,300.0,600.0,20.0,30.0,summer
Passion Fruit,loamy,100.0,120.0,50.0,60.0,100.0,120.0,6.0,6.5,20.0,30.0,60.0,80.0,1000.0,2000.0,50.0,60.0,year-round
Macadamia,loamy,100.0,150.0,50.0,100.0,100.0,150.0,5.0,6.5,15.0,25.0,50.0,70.0,1000.0,2000.0,40.0,50.0,winter
Vanilla,loamy,50.0,75.0,30.0,40.0,50.0,75.0,6.0,7.0,25.0,30.0,80.0,90.0,2000.0,3000.0,70.0,80.0,year-round
Apple,clay_loam,100.0,150.0,50.0,75.0,100.0,150.0,5.8,6.5,15.0,24.0,60.0,70.0,1000.0,1500.0,50.0,60.0,summer
Pear,loamy,100.0,150.0,50.0,75.0,100.0,150.0,6.0,7.0,15.0,25.0,60.0,70.0,1000.0,1200.0,50.0,60.0,summer
Plum,sandy_loam,80.0,100.0,40.0,50.0,80.0,100.0,5.5,6.5,15.0,25.0,50.0,60.0,800.0,1200.0,50.0,60.0,summer
Peach,loamy,80.0,100.0,40.0,50.0,80.0,100.0,6.0,6.5,15.0,28.0,50.0,60.0,800.0,1200.0,50.0,60.0,summer
Strawberry,sandy_loam,60.0,80.0,40.0,60.0,60.0,80.0,5.5,6.5,15.0,25.0,60.0,80.0,800.0,1200.0,60.0,70.0,summer
Mulberry,loamy,150.0,200.0,50.0,70.0,50.0,70.0,6.5,7.0,20.0,30.0,60.0,80.0,600.0,1000.0,50.0,60.0,year-round
Arrowroot,sandy_loam,40.0,50.0,30.0,40.0,60.0,80.0,5.5,6.5,25.0,30.0,70.0,80.0,1500.0,2000.0,60.0,70.0,kharif
Yam,loamy,80.0,100.0,60.0,80.0,100.0,120.0,5.5,7.0,25.0,30.0,70.0,80.0,1000.0,1500.0,60.0,70.0,kharif
Lesser Yam,sandy_loam,60.0,80.0,40.0,60.0,80.0,100.0,5.5,6.5,25.0,32.0,60.0,70.0,800.0,1200.0,50.0,60.0,kharif
Chinese Potato,sandy,40.0,60.0,40.0,50.0,60.0,80.0,6.0,7.0,25.0,35.0,60.0,70.0,800.0,1000.0,50.0,60.0,kharif
Chow Chow,loamy,80.0,100.0,40.0,60.0,60.0,80.0,5.5,6.5,15.0,25.0,70.0,80.0,1000.0,1500.0,60.0,70.0,perennial
Knol Khol,clay,80.0,100.0,50.0,60.0,50.0,60.0,6.0,7.0,15.0,25.0,60.0,70.0,500.0,700.0,50.0,60.0,rabi
Butter Beans,loamy,20.0,30.0,40.0,60.0,30.0,40.0,5.5,6.5,15.0,25.0,60.0,70.0,600.0,800.0,50.0,60.0,rabi
Broad Bean,clay_loam,20.0,30.0,50.0,60.0,40.0,50.0,6.0,7.0,20.0,30.0,60.0,70.0,600.0,900.0,50.0,60.0,kharif_rabi
Lablab,sandy_loam,20.0,30.0,40.0,50.0,20.0,30.0,6.0,7.5,25.0,35.0,50.0,60.0,500.0,800.0,40.0,50.0,kharif
Sword Bean,sandy_loam,10.0,20.0,30.0,40.0,20.0,30.0,5.5,7.5,25.0,35.0,50.0,60.0,600.0,1000.0,40.0,50.0,kharif
Velvet Bean,sandy_loam,20.0,30.0,40.0,50.0,20.0,30.0,5.5,7.0,25.0,35.0,60.0,70.0,800.0,1200.0,50.0,60.0,kharif
Winged Bean,loamy,20.0,30.0,40.0,50.0,30.0,40.0,5.5,6.5,25.0,30.0,70.0,80.0,1500.0,2000.0,60.0,70.0,kharif
Yardlong Bean,sandy,20.0,30.0,40.0,50.0,20.0,30.0,5.5,7.5,25.0,35.0,60.0,70.0,600.0,1000.0,50.0,60.0,kharif_zaid
Sponge Gourd,loamy,80.0,100.0,40.0,50.0,40.0,50.0,6.5,7.0,25.0,35.0,60.0,70.0,500.0,700.0,50.0,60.0,kharif_zaid
Teasel Gourd,sandy_loam,60.0,80.0,40.0,50.0,40.0,50.0,6.0,7.0,25.0,35.0,70.0,80.0,1000.0,1500.0,60.0,70.0,kharif
Amaranth,sandy_loam,60.0,80.0,30.0,40.0,30.0,40.0,5.5,7.5,25.0,35.0,50.0,70.0,400.0,600.0,50.0,60.0,year-round
Amaranth,sandy_loam,60.0,80.0,30.0,40.0,30.0,40.0,5.5,7.5,25.0,35.0,50.0,70.0,400.0,600.0,50.0,60.0,year-round
Amaranth,sandy_loam,60.0,80.0,30.0,40.0,30.0,40.0,5.5,7.5,25.0,35.0,50.0,70.0,400.0,600.0,50.0,60.0,year-round
Amaranth,sandy_loam,80.0,100.0,40.0,50.0,40.0,50.0,5.5,7.5,25.0,35.0,50.0,70.0,400.0,600.0,50.0,60.0,year-round
Alternanthera,clay_loam,60.0,80.0,30.0,40.0,30.0,40.0,6.0,7.5,25.0,35.0,60.0,80.0,600.0,1000.0,60.0,80.0,year-round
Black Nightshade,loamy,50.0,60.0,30.0,40.0,30.0,40.0,6.0,7.0,25.0,35.0,50.0,70.0,500.0,800.0,50.0,60.0,year-round
Centella,loamy,40.0,60.0,20.0,30.0,20.0,30.0,5.5,7.0,25.0,35.0,70.0,90.0,1000.0,2000.0,70.0,90.0,year-round
Roselle,sandy_loam,40.0,60.0,20.0,30.0,20.0,30.0,6.0,7.5,25.0,35.0,50.0,70.0,600.0,1000.0,40.0,50.0,kharif
Fenugreek Leaf,clay,20.0,30.0,40.0,50.0,20.0,30.0,6.0,7.0,15.0,25.0,50.0,60.0,300.0,400.0,40.0,50.0,rabi
Malabar Spinach,loamy,60.0,80.0,30.0,40.0,40.0,50.0,6.0,7.0,25.0,35.0,70.0,80.0,1000.0,1500.0,60.0,70.0,kharif_zaid
Hummingbird Tree,loamy,20.0,30.0,30.0,40.0,30.0,40.0,6.0,7.5,25.0,35.0,60.0,70.0,800.0,1500.0,50.0,60.0,year-round
Drumstick Leaf,sandy,50.0,80.0,30.0,40.0,30.0,40.0,6.0,7.5,25.0,35.0,50.0,70.0,500.0,1000.0,40.0,50.0,year-round
Balloon Vine,sandy_loam,20.0,30.0,20.0,30.0,20.0,30.0,6.0,7.5,25.0,35.0,50.0,70.0,500.0,800.0,40.0,50.0,kharif
Climbing Brinjal,sandy_loam,40.0,50.0,30.0,40.0,30.0,40.0,6.0,7.5,25.0,35.0,50.0,70.0,500.0,800.0,40.0,50.0,perennial
False Daisy,clay_loam,30.0,40.0,20.0,30.0,20.0,30.0,6.0,7.5,25.0,35.0,70.0,80.0,1000.0,1500.0,60.0,80.0,year-round
Veldt Grape,sandy,20.0,30.0,20.0,30.0,20.0,30.0,6.5,8.0,25.0,40.0,40.0,50.0,300.0,600.0,20.0,30.0,year-round
Gale of Wind,sandy_loam,20.0,30.0,20.0,30.0,20.0,30.0,6.0,7.5,25.0,35.0,50.0,70.0,500.0,1000.0,40.0,50.0,kharif
Indian Borage,loamy,40.0,50.0,30.0,40.0,30.0,40.0,6.0,7.5,25.0,35.0,60.0,70.0,800.0,1200.0,50.0,60.0,year-round
Sweet Basil,sandy_loam,80.0,100.0,40.0,50.0,40.0,50.0,6.0,7.5,25.0,35.0,60.0,70.0,700.0,1000.0,50.0,60.0,kharif
Oleander,sandy_loam,40.0,60.0,30.0,40.0,30.0,40.0,6.5,8.0,25.0,40.0,40.0,60.0,500.0,1000.0,30.0,40.0,year-round
Crape Jasmine,loamy,60.0,80.0,40.0,50.0,40.0,50.0,6.0,7.0,25.0,35.0,60.0,80.0,800.0,1500.0,50.0,60.0,year-round
Arabian Jasmine,sandy,100.0,120.0,100.0,120.0,100.0,120.0,6.0,7.0,25.0,35.0,60.0,70.0,800.0,1000.0,50.0,60.0,year-round
Royal Jasmine,sandy,100.0,120.0,100.0,120.0,100.0,120.0,6.0,7.0,25.0,35.0,60.0,70.0,800.0,1000.0,50.0,60.0,year-round
Hibiscus,loamy,80.0,100.0,40.0,60.0,60.0,80.0,6.0,7.0,25.0,35.0,60.0,80.0,1000.0,1500.0,50.0,60.0,year-round
Screwpine,sandy,40.0,50.0,20.0,30.0,40.0,50.0,6.5,8.0,25.0,35.0,70.0,90.0,1500.0,2500.0,60.0,80.0,year-round
Champak,clay_loam,60.0,80.0,40.0,50.0,40.0,50.0,6.0,7.0,20.0,30.0,70.0,80.0,1500.0,2500.0,50.0,60.0,year-round
Spanish Cherry,loamy,40.0,60.0,30.0,40.0,30.0,40.0,6.0,7.5,25.0,35.0,60.0,70.0,800.0,1500.0,40.0,50.0,year-round
Lotus,silty,50.0,70.0,40.0,50.0,40.0,50.0,6.0,7.5,25.0,35.0,80.0,100.0,600.0,1000.0,100.0,100.0,year-round
Water Lily,peaty,50.0,70.0,40.0,50.0,40.0,50.0,6.0,7.5,25.0,35.0,80.0,100.0,600.0,1000.0,100.0,100.0,year-round
Andrographis,red_laterite,20.0,30.0,20.0,30.0,10.0,20.0,6.0,7.5,25.0,35.0,50.0,70.0,600.0,1000.0,40.0,50.0,kharif
Sweet Flag,clay_loam,40.0,50.0,30.0,40.0,30.0,40.0,5.5,7.0,20.0,30.0,80.0,90.0,1500.0,2500.0,80.0,90.0,kharif
Periwinkle,sandy_loam,40.0,50.0,20.0,30.0,20.0,30.0,6.0,7.0,25.0,35.0,50.0,60.0,800.0,1000.0,40.0,50.0,kharif
Snakeroot,loamy,20.0,30.0,20.0,30.0,20.0,30.0,6.0,7.5,20.0,30.0,70.0,80.0,1500.0,2500.0,60.0,70.0,kharif
Datura,sandy,20.0,30.0,20.0,30.0,20.0,30.0,6.0,8.0,25.0,40.0,40.0,60.0,400.0,800.0,30.0,40.0,kharif
Tanner's Cassia,sandy,10.0,20.0,10.0,20.0,10.0,20.0,6.5,8.0,25.0,40.0,30.0,50.0,300.0,600.0,20.0,30.0,year-round
Acalypha,sandy,10.0,20.0,10.0,20.0,10.0,20.0,6.0,7.5,25.0,35.0,50.0,70.0,500.0,1000.0,40.0,50.0,kharif
Chaff Flower,sandy_loam,10.0,20.0,10.0,20.0,10.0,20.0,6.5,8.0,25.0,35.0,40.0,60.0,400.0,800.0,30.0,40.0,kharif
Crown Flower,sandy,10.0,20.0,10.0,20.0,10.0,20.0,6.5,8.5,25.0,45.0,30.0,50.0,200.0,600.0,20.0,30.0,year-round
Malabar Nut,sandy,20.0,30.0,20.0,30.0,20.0,30.0,6.0,7.5,25.0,35.0,50.0,70.0,600.0,1200.0,40.0,50.0,year-round
Moonseed,red_laterite,20.0,30.0,20.0,30.0,20.0,30.0,6.0,7.5,25.0,35.0,60.0,80.0,1000.0,1500.0,50.0,60.0,year-round
Sarsaparilla,sandy_loam,20.0,30.0,20.0,30.0,20.0,30.0,6.0,7.5,25.0,35.0,50.0,70.0,800.0,1500.0,40.0,50.0,year-round
Vetiver,sandy,40.0,60.0,20.0,30.0,20.0,30.0,6.5,8.0,25.0,35.0,50.0,60.0,1000.0,1500.0,40.0,50.0,year-round
Indian Gooseberry,clay,50.0,70.0,30.0,40.0,40.0,50.0,6.5,8.0,25.0,35.0,40.0,50.0,600.0,800.0,30.0,40.0,winter
Chebulic Myrob.,loamy,30.0,40.0,20.0,30.0,20.0,30.0,6.0,7.5,25.0,40.0,40.0,60.0,600.0,1000.0,30.0,40.0,summer
Beleric Myrob.,loamy,30.0,40.0,20.0,30.0,20.0,30.0,6.0,7.5,25.0,35.0,50.0,70.0,800.0,1500.0,40.0,50.0,winter
Soapnut,red_laterite,20.0,30.0,20.0,30.0,20.0,30.0,6.0,7.5,25.0,35.0,50.0,70.0,800.0,1500.0,40.0,50.0,winter
Shikakai,loamy,30.0,40.0,20.0,30.0,20.0,30.0,5.5,7.0,20.0,35.0,60.0,80.0,1000.0,2000.0,50.0,60.0,winter
Nut Grass,clay_loam,50.0,70.0,40.0,50.0,40.0,50.0,5.5,7.5,25.0,35.0,70.0,90.0,1000.0,2000.0,70.0,90.0,year-round
Bermuda Grass,sandy_loam,20.0,30.0,10.0,20.0,10.0,20.0,6.0,8.5,25.0,40.0,40.0,70.0,400.0,1000.0,30.0,50.0,year-round
Portia Tree,sandy,20.0,30.0,10.0,20.0,10.0,20.0,6.5,8.5,25.0,35.0,60.0,80.0,800.0,1500.0,40.0,50.0,long_term
Indian Beech,sandy_loam,10.0,20.0,10.0,20.0,10.0,20.0,6.0,8.0,25.0,40.0,40.0,60.0,500.0,1000.0,30.0,40.0,long_term
Silk Cotton,loamy,20.0,30.0,10.0,20.0,10.0,20.0,6.0,7.5,25.0,35.0,50.0,70.0,800.0,1500.0,40.0,50.0,long_term
Palmyra Palm,sandy,10.0,20.0,10.0,20.0,20.0,30.0,6.5,8.5,25.0,45.0,40.0,70.0,400.0,1000.0,20.0,40.0,long_term
Wild Date Palm,sandy,10.0,20.0,10.0,20.0,20.0,30.0,6.0,8.0,25.0,40.0,40.0,60.0,400.0,800.0,20.0,40.0,long_term
Jackfruit Wood,clay_loam,30.0,40.0,20.0,30.0,20.0,30.0,6.0,7.5,25.0,35.0,60.0,80.0,1500.0,2000.0,50.0,60.0,long_term
Banyan,clay_loam,20.0,30.0,10.0,20.0,10.0,20.0,6.0,8.0,25.0,40.0,40.0,60.0,500.0,1500.0,30.0,40.0,long_term
Sacred Fig,clay_loam,20.0,30.0,10.0,20.0,10.0,20.0,6.0,8.0,25.0,40.0,40.0,60.0,500.0,1500.0,30.0,40.0,long_term
Indian Ash Tree,loamy,20.0,30.0,10.0,20.0,10.0,20.0,6.0,7.5,25.0,40.0,40.0,60.0,600.0,1200.0,30.0,40.0,long_term
Mast Tree,loamy,30.0,40.0,20.0,30.0,20.0,30.0,6.0,7.5,25.0,35.0,60.0,80.0,1000.0,2000.0,50.0,60.0,long_term
Tamarind Wood,loamy,30.0,40.0,20.0,30.0,20.0,30.0,5.5,7.5,25.0,40.0,40.0,60.0,500.0,1500.0,30.0,40.0,long_term
Indian Elm,loamy,20.0,30.0,10.0,20.0,10.0,20.0,6.0,7.5,25.0,40.0,40.0,60.0,600.0,1200.0,30.0,40.0,long_term
Arjun Tree,clay_loam,30.0,40.0,20.0,30.0,20.0,30.0,6.0,7.5,25.0,35.0,60.0,80.0,1000.0,2000.0,50.0,60.0,long_term
Jamun Wood,loamy,30.0,40.0,20.0,30.0,20.0,30.0,6.0,7.5,25.0,35.0,50.0,70.0,800.0,1500.0,40.0,50.0,long_term
Mango Wood,red_laterite,30.0,40.0,20.0,30.0,20.0,30.0,5.5,7.5,25.0,35.0,50.0,80.0,700.0,2500.0,40.0,50.0,long_term
White Marudah,loamy,30.0,40.0,20.0,30.0,20.0,30.0,6.0,7.5,25.0,35.0,60.0,80.0,1000.0,2000.0,40.0,50.0,long_term
Flame of Forest,sandy_loam,20.0,30.0,10.0,20.0,10.0,20.0,6.0,7.5,25.0,40.0,40.0,60.0,500.0,1200.0,30.0,40.0,long_term
Coral Tree,loamy,20.0,30.0,20.0,30.0,20.0,30.0,6.0,7.5,25.0,35.0,60.0,80.0,1000.0,2000.0,50.0,60.0,long_term
Red Sandalwood,red_laterite,20.0,30.0,10.0,20.0,10.0,20.0,6.0,7.5,25.0,40.0,40.0,50.0,500.0,1000.0,20.0,30.0,long_term
Rosewood,loamy,30.0,40.0,20.0,30.0,20.0,30.0,5.5,7.0,20.0,35.0,60.0,80.0,1000.0,2500.0,40.0,50.0,long_term
Teak,clay_loam,50.0,70.0,20.0,30.0,30.0,40.0,6.5,7.5,25.0,35.0,60.0,80.0,1200.0,2000.0,40.0,50.0,long_term
Sandalwood,red_laterite,20.0,30.0,10.0,20.0,10.0,20.0,6.0,7.5,25.0,35.0,50.0,60.0,600.0,1200.0,30.0,40.0,long_term
Babul,clay,10.0,20.0,10.0,20.0,10.0,20.0,6.5,8.5,25.0,45.0,30.0,50.0,300.0,800.0,20.0,30.0,long_term
Prosopis,sandy,10.0,20.0,10.0,20.0,10.0,20.0,6.5,9.0,25.0,45.0,30.0,50.0,200.0,800.0,10.0,30.0,invasive
Casuarina,sandy,20.0,30.0,10.0,20.0,10.0,20.0,6.0,8.0,25.0,35.0,60.0,80.0,800.0,1500.0,40.0,50.0,long_term
Eucalyptus,sandy_loam,50.0,70.0,30.0,40.0,30.0,40.0,5.5,6.5,20.0,35.0,50.0,60.0,800.0,1200.0,40.0,50.0,long_term
Bamboo,loamy,40.0,60.0,20.0,30.0,20.0,30.0,5.0,6.5,20.0,35.0,60.0,80.0,1200.0,2500.0,50.0,60.0,long_term
Rattan Cane,peaty,30.0,40.0,20.0,30.0,20.0,30.0,5.5,6.5,25.0,35.0,70.0,90.0,2000.0,3000.0,70.0,90.0,long_term
Agave,sandy,20.0,30.0,10.0,20.0,20.0,30.0,6.0,8.0,25.0,40.0,30.0,50.0,300.0,800.0,20.0,30.0,year-round
Aloe Vera,sandy,40.0,50.0,40.0,50.0,40.0,50.0,7.0,8.5,25.0,40.0,30.0,40.0,300.0,500.0,20.0,30.0,year-round
Canna,sandy_loam,60.0,80.0,40.0,60.0,60.0,80.0,6.0,7.0,25.0,35.0,60.0,80.0,1000.0,1500.0,50.0,60.0,year-round
Maranta,loamy,40.0,60.0,30.0,40.0,50.0,60.0,5.5,6.5,25.0,30.0,70.0,80.0,1500.0,2000.0,60.0,70.0,kharif
Vanilla,loamy,50.0,75.0,30.0,40.0,50.0,75.0,6.0,7.0,25.0,30.0,80.0,90.0,2000.0,3000.0,70.0,80.0,year-round
Cocoa,clay_loam,100.0,120.0,40.0,50.0,100.0,120.0,6.0,7.0,25.0,30.0,80.0,90.0,1500.0,2000.0,70.0,80.0,year-round
Arecanut,red_laterite,100.0,150.0,40.0,60.0,100.0,150.0,5.5,7.0,20.0,30.0,70.0,80.0,2000.0,3000.0,60.0,70.0,year-round
Betel Vine,clay_loam,100.0,150.0,50.0,70.0,50.0,70.0,6.5,7.5,25.0,35.0,70.0,90.0,1500.0,2000.0,70.0,80.0,year-round
Black Pepper,red_laterite,100.0,120.0,40.0,50.0,120.0,140.0,5.5,6.5,20.0,30.0,70.0,90.0,2000.0,3000.0,70.0,80.0,year-round
Long Pepper,loamy,80.0,100.0,40.0,50.0,80.0,100.0,6.0,7.0,25.0,35.0,70.0,90.0,1500.0,2500.0,60.0,70.0,year-round
Cardamom,peaty,75.0,100.0,75.0,100.0,150.0,200.0,5.0,6.5,15.0,25.0,75.0,90.0,1500.0,4000.0,70.0,80.0,year-round
Clove,black,200.0,250.0,200.0,250.0,400.0,500.0,5.5,7.0,20.0,30.0,70.0,80.0,1500.0,2500.0,60.0,70.0,year-round
Nutmeg,clay_loam,200.0,250.0,100.0,150.0,200.0,250.0,6.0,7.0,20.0,30.0,70.0,80.0,1500.0,2500.0,60.0,70.0,year-round
Mace,clay_loam,200.0,250.0,100.0,150.0,200.0,250.0,6.0,7.0,20.0,30.0,70.0,80.0,1500.0,2500.0,60.0,70.0,year-round
Cinnamon,red_laterite,200.0,250.0,100.0,150.0,100.0,150.0,5.0,6.5,20.0,30.0,70.0,80.0,1500.0,2500.0,60.0,70.0,year-round
Bay Leaf,loamy,100.0,150.0,50.0,75.0,50.0,75.0,6.0,7.0,20.0,30.0,60.0,80.0,1500.0,2000.0,50.0,60.0,year-round
Star Anise,peaty,80.0,100.0,40.0,50.0,60.0,80.0,5.5,6.5,15.0,25.0,70.0,90.0,1500.0,2500.0,60.0,70.0,year-round
Curry Leaf,sandy_loam,80.0,100.0,40.0,50.0,40.0,50.0,6.0,7.0,25.0,35.0,50.0,60.0,800.0,1000.0,50.0,60.0,year-round
Coriander,loamy,30.0,40.0,30.0,40.0,20.0,30.0,6.0,7.0,15.0,25.0,50.0,60.0,400.0,500.0,40.0,50.0,rabi
Mint Leaf,loamy,80.0,100.0,40.0,50.0,40.0,50.0,6.0,7.0,20.0,30.0,60.0,80.0,800.0,1000.0,60.0,70.0,year-round
Lemongrass,red_laterite,100.0,120.0,40.0,50.0,40.0,50.0,5.5,7.5,20.0,30.0,70.0,80.0,1500.0,2500.0,60.0,70.0,year-round
Citronella,sandy_loam,100.0,120.0,40.0,50.0,40.0,50.0,5.8,6.5,20.0,30.0,70.0,80.0,1500.0,2000.0,60.0,70.0,year-round
Palmarosa,loamy,80.0,100.0,40.0,50.0,40.0,50.0,6.0,7.5,25.0,35.0,50.0,70.0,800.0,1500.0,50.0,60.0,year-round
Geranium,sandy_loam,100.0,120.0,40.0,50.0,60.0,80.0,6.0,7.0,15.0,25.0,60.0,80.0,1000.0,1500.0,50.0,60.0,hills_winter
Patchouli,loamy,100.0,120.0,40.0,50.0,40.0,50.0,5.5,6.5,25.0,30.0,70.0,80.0,1500.0,2000.0,60.0,70.0,year-round
Vetiver,sandy,40.0,60.0,20.0,30.0,20.0,30.0,6.5,8.0,25.0,35.0,50.0,60.0,1000.0,1500.0,40.0,50.0,year-round
Annatto,loamy,60.0,80.0,30.0,40.0,40.0,50.0,6.0,7.0,25.0,35.0,60.0,80.0,1000.0,2000.0,50.0,60.0,year-round
Indigo,red_laterite,20.0,30.0,40.0,50.0,20.0,30.0,6.0,7.5,25.0,35.0,50.0,70.0,600.0,1000.0,40.0,50.0,kharif
Henna,sandy,40.0,60.0,30.0,40.0,30.0,40.0,6.5,8.0,25.0,40.0,40.0,60.0,400.0,800.0,30.0,40.0,year-round
Physic Nut,sandy,30.0,40.0,20.0,30.0,20.0,30.0,6.0,8.0,25.0,40.0,30.0,60.0,300.0,800.0,20.0,30.0,year-round
Pongamia,sandy_loam,10.0,20.0,10.0,20.0,10.0,20.0,6.0,8.0,25.0,40.0,40.0,60.0,500.0,1000.0,30.0,40.0,long_term
Mahua,sandy_loam,30.0,40.0,20.0,30.0,20.0,30.0,6.0,7.5,25.0,40.0,40.0,60.0,600.0,1200.0,30.0,40.0,long_term
Sal Tree,red_laterite,40.0,50.0,20.0,30.0,20.0,30.0,5.5,7.0,25.0,35.0,60.0,80.0,1000.0,2000.0,50.0,60.0,long_term
Frankincense,loamy,20.0,30.0,10.0,20.0,10.0,20.0,6.5,8.0,25.0,40.0,40.0,60.0,500.0,1000.0,20.0,30.0,long_term
Camphor Tree,loamy,50.0,70.0,30.0,40.0,40.0,50.0,5.5,6.5,15.0,25.0,60.0,80.0,1500.0,2500.0,50.0,60.0,hills
Rubber Tree,red_laterite,30.0,40.0,30.0,40.0,30.0,40.0,4.5,6.0,25.0,35.0,75.0,85.0,2000.0,3000.0,70.0,80.0,year-round
Gutta-percha,loamy,40.0,60.0,20.0,30.0,30.0,40.0,5.5,6.5,25.0,35.0,70.0,90.0,2000.0,3000.0,60.0,80.0,long_term
Silk Cotton,loamy,20.0,30.0,10.0,20.0,10.0,20.0,6.0,7.5,25.0,35.0,50.0,70.0,800.0,1500.0,40.0,50.0,long_term
Kapok,clay_loam,30.0,40.0,20.0,30.0,20.0,30.0,6.0,7.5,25.0,35.0,60.0,80.0,1000.0,2000.0,50.0,60.0,long_term
Balsa,loamy,40.0,60.0,30.0,40.0,40.0,50.0,5.5,6.5,25.0,35.0,70.0,90.0,1500.0,3000.0,60.0,80.0,long_term
Cork Tree,loamy,30.0,40.0,20.0,30.0,20.0,30.0,6.0,7.5,25.0,35.0,50.0,70.0,800.0,1500.0,40.0,50.0,long_term
Tree of Heaven,sandy,20.0,30.0,10.0,20.0,10.0,20.0,6.0,8.0,25.0,40.0,40.0,60.0,500.0,1000.0,30.0,40.0,long_term
Moringa,sandy,50.0,80.0,30.0,40.0,30.0,40.0,6.0,7.5,25.0,35.0,50.0,70.0,500.0,1000.0,40.0,50.0,year-round
Sesbania,loamy,20.0,30.0,30.0,40.0,30.0,40.0,6.0,7.5,25.0,35.0,60.0,70.0,800.0,1500.0,50.0,60.0,year-round
Subabul,sandy_loam,10.0,20.0,20.0,30.0,10.0,20.0,6.0,7.5,25.0,35.0,50.0,70.0,600.0,1000.0,40.0,50.0,long_term
Gliricidia,sandy_loam,10.0,20.0,20.0,30.0,10.0,20.0,5.5,7.5,25.0,35.0,50.0,70.0,800.0,1500.0,40.0,50.0,long_term
Erythrina,loamy,20.0,30.0,20.0,30.0,20.0,30.0,6.0,7.5,25.0,35.0,60.0,80.0,1000.0,2000.0,50.0,60.0,long_term
Albizia,loamy,20.0,30.0,10.0,20.0,10.0,20.0,6.0,7.5,25.0,40.0,40.0,60.0,600.0,1200.0,30.0,40.0,long_term
Cutch Tree,sandy,10.0,20.0,10.0,20.0,10.0,20.0,6.5,8.0,25.0,40.0,30.0,50.0,400.0,800.0,20.0,30.0,long_term
Indian Walnut,loamy,50.0,70.0,30.0,40.0,40.0,50.0,6.0,7.0,15.0,25.0,60.0,70.0,1000.0,1500.0,50.0,60.0,hills
Macadamia,loamy,100.0,150.0,50.0,100.0,100.0,150.0,5.0,6.5,15.0,25.0,50.0,70.0,1000.0,2000.0,40.0,50.0,hills_winter
Pecan,clay_loam,80.0,100.0,40.0,60.0,80.0,100.0,6.0,7.0,15.0,25.0,60.0,70.0,800.0,1200.0,50.0,60.0,hills_winter
